Depth,DENB,GRDE,CADE                    
0.000,-999.250,93.230,-999.250,
0.100,-999.250,85.500,-999.250,
0.200,-999.250,71.200,-999.250,
0.300,-999.250,74.160,-999.250,
0.400,-999.250,66.270,-999.250,
0.500,-999.250,64.130,-999.250,
0.600,-999.250,43.250,-999.250,
0.700,-999.250,50.810,-999.250,
0.800,-999.250,75.970,-999.250,
0.900,-999.250,66.590,-999.250,
1.000,-999.250,76.950,-999.250,
1.100,-999.250,66.590,-999.250,
1.200,-999.250,76.950,-999.250,
1.300,-999.250,86.820,-999.250,
1.400,-999.250,60.680,-999.250,
1.500,-999.250,79.260,-999.250,
1.600,-999.250,69.060,-999.250,
1.700,-999.250,74.490,-999.250,
1.800,-999.250,67.910,-999.250,
1.900,-999.250,72.350,106.310,
2.000,-999.250,64.950,106.310,
2.100,-999.250,52.120,106.290,
2.200,-999.250,80.900,106.280,
2.300,-999.250,70.210,106.250,
2.400,-999.250,71.360,106.290,
2.500,-999.250,83.200,106.290,
2.600,-999.250,69.880,106.300,
2.700,-999.250,50.640,106.270,
2.800,2.690,68.730,106.250,
2.900,2.690,55.910,106.260,
3.000,2.680,78.100,106.290,
3.100,2.670,87.480,106.290,
3.200,2.690,81.230,106.290,
3.300,2.730,82.870,106.310,
3.400,2.770,81.390,106.290,
3.500,2.800,110.330,106.290,
3.600,2.790,60.680,106.300,
3.700,2.780,100.800,106.330,
3.800,2.780,81.060,106.320,
3.900,2.790,74.160,106.280,
4.000,2.790,76.950,106.290,
4.100,2.790,82.380,106.290,
4.200,2.790,76.460,106.310,
4.300,2.790,76.460,106.290,
4.400,2.800,91.750,106.280,
4.500,2.800,68.900,106.290,
4.600,2.820,61.500,106.280,
4.700,2.820,61.170,106.290,
4.800,2.820,60.680,106.270,
4.900,2.820,72.840,106.270,
5.000,2.820,70.540,106.270,
5.100,2.820,51.630,106.280,
5.200,2.810,62.320,106.310,
5.300,2.820,65.940,106.310,
5.400,2.830,75.150,106.310,
5.500,2.850,81.720,106.290,
5.600,2.850,64.620,106.270,
5.700,2.830,50.810,106.270,
5.800,2.810,54.430,106.260,
5.900,2.830,47.520,106.290,
6.000,2.840,53.110,106.290,
6.100,2.840,71.690,106.310,
6.200,2.810,78.100,106.290,
6.300,2.800,65.940,106.310,
6.400,2.760,60.840,106.310,
6.500,2.740,60.350,106.310,
6.600,2.690,47.360,106.290,
6.700,2.620,79.420,106.310,
6.800,2.590,73.670,106.310,
6.900,2.530,73.990,106.310,
7.000,2.410,71.860,106.290,
7.100,2.270,73.170,106.290,
7.200,2.130,48.180,106.290,
7.300,2.050,78.430,106.280,
7.400,2.100,66.760,106.290,
7.500,2.300,60.510,106.280,
7.600,2.460,66.100,106.280,
7.700,2.410,56.070,106.250,
7.800,2.170,60.350,106.230,
7.900,1.950,51.140,106.230,
8.000,1.850,56.730,106.300,
8.100,1.960,69.230,106.680,
8.200,2.190,64.950,107.320,
8.300,2.400,80.570,107.930,
8.400,2.490,58.700,108.240,
8.500,2.480,72.510,108.230,
8.600,2.500,55.910,108.220,
8.700,2.550,58.540,108.220,
8.800,2.630,65.440,108.230,
8.900,2.680,49.170,108.250,
9.000,2.690,38.970,108.240,
9.100,2.690,38.310,108.230,
9.200,2.670,53.930,108.200,
9.300,2.630,45.220,108.200,
9.400,2.610,37.490,108.220,
9.500,2.630,29.430,108.240,
9.600,2.670,48.340,108.230,
9.700,2.680,45.050,108.220,
9.800,2.710,51.800,108.220,
9.900,2.740,55.080,108.230,
10.000,2.720,58.700,108.210,
10.100,2.680,45.050,108.190,
10.200,2.640,52.780,108.190,
10.300,2.620,34.860,108.220,
10.400,2.600,55.910,108.230,
10.500,2.600,49.490,108.210,
10.600,2.610,45.710,108.170,
10.700,2.620,53.930,108.160,
10.800,2.620,74.320,108.180,
10.900,2.650,67.250,108.200,
11.000,2.660,81.060,108.230,
11.100,2.650,84.680,108.270,
11.200,2.630,91.260,108.240,
11.300,2.630,120.360,108.240,
11.400,2.660,97.340,108.210,
11.500,2.700,120.690,108.230,
11.600,2.770,115.430,108.220,
11.700,2.790,118.230,108.220,
11.800,2.800,90.600,108.210,
11.900,2.780,93.400,108.200,
12.000,2.770,100.300,108.210,
12.100,2.750,100.800,108.200,
12.200,2.750,119.210,108.220,
12.300,2.760,80.410,108.220,
12.400,2.780,89.780,108.240,
12.500,2.800,99.320,108.250,
12.600,2.800,109.680,108.230,
12.700,2.810,116.910,108.220,
12.800,2.800,106.720,108.220,
12.900,2.790,89.620,108.240,
13.000,2.800,92.080,108.240,
13.100,2.800,95.860,108.240,
13.200,2.810,95.860,108.240,
13.300,2.810,140.920,108.230,
13.400,2.810,115.270,108.220,
13.500,2.800,120.360,108.220,
13.600,2.800,92.080,108.210,
13.700,2.820,107.540,108.190,
13.800,2.840,103.760,108.180,
13.900,2.840,99.970,108.220,
14.000,2.830,90.770,108.180,
14.100,2.820,66.920,107.530,
14.200,2.820,109.180,106.850,
14.300,2.800,95.860,106.270,
14.400,2.790,120.690,106.280,
14.500,2.760,79.910,106.290,
14.600,2.760,82.220,106.290,
14.700,2.770,93.730,106.310,
14.800,2.810,102.110,106.300,
14.900,2.840,96.030,106.330,
15.000,2.850,81.060,106.310,
15.100,2.840,129.570,106.320,
15.200,2.820,82.220,106.290,
15.300,2.810,76.300,106.290,
15.400,2.800,64.950,106.290,
15.500,2.810,91.750,106.290,
15.600,2.820,75.150,106.300,
15.700,2.850,98.490,106.280,
15.800,2.860,107.370,106.290,
15.900,2.840,106.720,106.290,
16.000,2.800,92.740,106.310,
16.100,2.780,112.470,106.290,
16.200,2.790,124.970,106.280,
16.300,2.790,92.080,106.290,
16.400,2.810,118.390,106.280,
16.500,2.810,89.940,106.290,
16.600,2.830,110.330,106.280,
16.700,2.840,124.470,106.290,
16.800,2.830,82.380,106.300,
16.900,2.830,116.910,106.330,
17.000,2.840,78.760,106.340,
17.100,2.850,70.210,106.310,
17.200,2.860,104.410,106.290,
17.300,2.900,102.610,106.280,
17.400,2.940,96.360,106.310,
17.500,2.950,103.760,106.310,
17.600,2.940,115.100,106.300,
17.700,2.930,78.100,106.270,
17.800,2.920,66.430,106.270,
17.900,2.910,77.780,106.280,
18.000,2.900,85.180,106.310,
18.100,2.910,82.380,106.290,
18.200,2.900,89.780,106.290,
18.300,2.910,100.960,106.290,
18.400,2.890,98.990,106.310,
18.500,2.900,86.980,106.310,
18.600,2.910,115.100,106.290,
18.700,2.950,77.120,106.290,
18.800,2.960,75.640,106.290,
18.900,2.950,94.220,106.290,
19.000,2.920,106.550,106.290,
19.100,2.910,104.250,106.290,
19.200,2.900,75.800,106.290,
19.300,2.930,88.790,106.290,
19.400,2.950,100.300,106.280,
19.500,2.950,92.250,106.250,
19.600,2.940,64.790,106.250,
19.700,2.930,102.770,106.270,
19.800,2.910,95.530,106.330,
19.900,2.910,125.300,106.330,
20.000,2.910,95.210,106.320,
20.100,2.920,128.090,106.290,
20.200,2.940,117.240,106.280,
20.300,2.960,130.230,106.310,
20.400,2.980,75.800,106.310,
20.500,2.960,81.560,106.310,
20.600,2.950,108.520,106.290,
20.700,2.940,103.760,106.270,
20.800,2.930,88.460,106.270,
20.900,2.940,89.450,106.260,
21.000,2.950,85.010,106.270,
21.100,2.980,130.560,106.280,
21.200,2.990,74.820,106.290,
21.300,3.000,67.420,106.310,
21.400,3.000,68.240,106.310,
21.500,3.000,81.390,106.310,
21.600,2.980,100.470,106.330,
21.700,2.960,91.260,106.330,
21.800,2.930,86.660,106.310,
21.900,2.910,117.240,106.280,
22.000,2.910,111.810,106.260,
22.100,2.910,111.650,106.280,
22.200,2.920,86.160,106.260,
22.300,2.920,67.910,106.290,
22.400,2.930,104.740,106.280,
22.500,2.930,105.240,106.290,
22.600,2.930,94.220,106.300,
22.700,2.930,112.960,106.270,
22.800,2.920,98.820,106.250,
22.900,2.900,87.970,106.260,
23.000,2.950,88.630,106.280,
23.100,3.030,69.390,106.310,
23.200,3.070,73.170,106.310,
23.300,3.030,55.080,106.330,
23.400,2.950,82.380,106.300,
23.500,2.920,89.940,106.270,
23.600,2.910,77.120,106.260,
23.700,2.930,82.540,106.280,
23.800,2.950,82.710,106.290,
23.900,2.960,96.850,106.290,
24.000,2.970,89.290,106.280,
24.100,2.950,122.170,106.290,
24.200,2.950,93.070,106.310,
24.300,2.950,107.040,106.290,
24.400,2.960,92.080,106.290,
24.500,2.980,109.350,106.290,
24.600,2.990,111.650,106.290,
24.700,2.980,110.990,106.270,
24.800,2.970,117.400,106.280,
24.900,2.980,101.950,106.310,
25.000,3.000,111.160,106.290,
25.100,3.010,114.120,106.300,
25.200,3.020,99.480,106.280,
25.300,3.030,57.720,106.290,
25.400,3.030,100.800,106.280,
25.500,3.020,89.290,106.290,
25.600,3.010,101.130,106.290,
25.700,3.010,99.810,106.290,
25.800,3.000,79.580,106.270,
25.900,2.970,93.730,106.350,
26.000,2.950,95.040,106.880,
26.100,2.920,83.700,107.540,
26.200,2.900,91.260,108.090,
26.300,2.900,106.220,108.230,
26.400,2.870,73.010,108.530,
26.500,2.730,99.480,109.820,
26.600,2.540,108.690,111.410,
26.700,2.390,128.590,112.790,
26.800,2.360,85.180,113.360,
26.900,2.370,128.260,113.880,
27.000,2.370,152.760,114.380,
27.100,2.370,88.790,114.700,
27.200,2.360,149.470,114.760,
27.300,2.360,141.740,114.780,
27.400,2.360,130.070,114.790,
27.500,2.370,115.270,114.700,
27.600,2.380,96.850,114.420,
27.700,2.410,107.370,113.960,
27.800,2.430,103.590,113.530,
27.900,2.440,115.760,113.420,
28.000,2.400,125.130,113.710,
28.100,2.360,160.650,114.150,
28.200,2.340,158.680,114.640,
28.300,2.330,118.060,115.100,
28.400,2.330,152.760,115.430,
28.500,2.310,128.260,115.590,
28.600,2.310,122.500,115.680,
28.700,2.320,139.770,116.050,
28.800,2.350,126.450,116.450,
28.900,2.360,126.450,116.750,
29.000,2.360,152.760,116.760,
29.100,2.350,125.460,116.760,
29.200,2.350,155.390,116.810,
29.300,2.350,119.540,117.060,
29.400,2.360,129.410,117.460,
29.500,2.370,131.050,117.820,
29.600,2.370,119.540,118.020,
29.700,2.380,149.300,118.010,
29.800,2.370,151.110,118.030,
29.900,2.350,147.820,118.030,
30.000,2.340,127.930,118.050,
30.100,2.320,127.600,118.040,
30.200,2.320,110.660,118.020,
30.300,2.340,116.090,118.050,
30.400,2.360,88.460,118.050,
30.500,2.380,94.880,118.060,
30.600,2.370,94.220,118.030,
30.700,2.370,119.050,118.040,
30.800,2.370,132.040,118.010,
30.900,2.370,87.150,118.020,
31.000,2.370,146.510,118.010,
31.100,2.280,103.920,118.340,
31.200,2.200,131.380,119.050,
31.300,2.170,98.820,118.750,
31.400,2.250,125.630,117.720,
31.500,2.320,122.670,116.290,
31.600,2.340,151.930,115.710,
31.700,2.360,116.580,115.250,
31.800,2.390,147.500,114.810,
31.900,2.410,145.360,114.480,
32.000,2.400,139.600,114.440,
32.100,2.370,129.240,114.300,
32.200,2.350,138.620,114.030,
32.300,2.350,138.120,113.760,
32.400,2.370,104.580,113.570,
32.500,2.390,100.800,113.600,
32.600,2.400,128.090,113.780,
32.700,2.400,129.240,114.090,
32.800,2.390,132.200,114.350,
32.900,2.400,142.560,114.370,
33.000,2.410,156.370,113.960,
33.100,2.420,93.400,113.570,
33.200,2.420,130.230,113.240,
33.300,2.410,122.830,113.070,
33.400,2.410,112.800,112.690,
33.500,2.430,105.400,112.270,
33.600,2.440,106.060,111.750,
33.700,2.430,107.210,111.360,
33.800,2.410,146.510,111.010,
33.900,2.380,112.800,110.900,
34.000,2.360,99.970,110.850,
34.100,2.340,93.730,110.660,
34.200,2.340,145.850,110.250,
34.300,2.370,145.360,109.890,
34.400,2.380,168.540,109.700,
34.500,2.380,145.850,109.700,
34.600,2.380,148.810,109.690,
34.700,2.380,119.380,109.680,
34.800,2.400,106.550,109.690,
34.900,2.410,106.880,109.680,
35.000,2.420,110.830,109.620,
35.100,2.410,117.900,109.320,
35.200,2.410,84.350,108.880,
35.300,2.400,104.580,108.180,
35.400,2.390,80.080,107.320,
35.500,2.400,96.850,106.630,
35.600,2.410,76.300,106.240,
35.700,2.430,95.860,106.250,
35.800,2.440,103.100,106.260,
35.900,2.430,106.220,106.290,
36.000,2.440,93.400,106.390,
36.100,2.430,100.140,106.810,
36.200,2.430,110.170,107.440,
36.300,2.410,111.480,108.040,
36.400,2.400,130.230,108.330,
36.500,2.400,119.050,108.410,
36.600,2.410,135.000,108.450,
36.700,2.410,130.560,108.460,
36.800,2.420,128.090,108.460,
36.900,2.420,113.130,108.430,
37.000,2.430,102.610,108.430,
37.100,2.420,137.460,108.420,
37.200,2.430,140.750,108.440,
37.300,2.430,83.700,108.450,
37.400,2.450,104.410,108.450,
37.500,2.440,115.270,108.440,
37.600,2.430,141.580,108.380,
37.700,2.430,143.550,108.300,
37.800,2.460,123.820,108.270,
37.900,2.470,107.700,108.330,
38.000,2.430,109.350,108.410,
38.100,2.420,137.630,108.430,
38.200,2.420,116.090,108.350,
38.300,2.420,113.790,108.330,
38.400,2.400,79.910,108.360,
38.500,2.380,145.520,108.430,
38.600,2.370,143.060,108.430,
38.700,2.370,127.760,108.410,
38.800,2.380,141.580,108.420,
38.900,2.410,128.590,108.470,
39.000,2.420,143.220,108.480,
39.100,2.410,148.480,108.460,
39.200,2.400,113.620,108.530,
39.300,2.400,146.020,108.680,
39.400,2.400,126.280,108.970,
39.500,2.390,104.090,109.280,
39.600,2.380,140.420,109.560,
39.700,2.390,140.260,109.680,
39.800,2.410,95.370,109.690,
39.900,2.420,134.010,109.570,
40.000,2.420,111.810,109.170,
40.100,2.430,102.110,108.740,
40.200,2.430,112.470,108.450,
40.300,2.420,145.690,108.440,
40.400,2.410,113.790,108.450,
40.500,2.410,134.670,108.450,
40.600,2.410,114.940,108.450,
40.700,2.400,156.540,108.450,
40.800,2.400,129.740,108.460,
40.900,2.400,125.130,108.470,
41.000,2.410,131.220,108.450,
41.100,2.410,163.610,108.450,
41.200,2.420,133.680,108.430,
41.300,2.420,146.020,108.390,
41.400,2.420,146.180,108.090,
41.500,2.430,162.290,107.370,
41.600,2.430,128.750,106.700,
41.700,2.420,142.070,106.270,
41.800,2.410,140.100,106.380,
41.900,2.400,144.860,106.930,
42.000,2.410,137.960,107.570,
42.100,2.410,138.940,108.080,
42.200,2.430,120.690,108.160,
42.300,2.430,100.960,108.150,
42.400,2.440,120.530,108.190,
42.500,2.440,103.100,108.220,
42.600,2.440,146.180,108.230,
42.700,2.440,127.270,108.190,
42.800,2.440,137.460,108.160,
42.900,2.440,121.350,108.180,
43.000,2.440,98.660,108.200,
43.100,2.450,143.880,108.210,
43.200,2.440,141.250,108.180,
43.300,2.430,182.680,108.180,
43.400,2.430,121.840,108.180,
43.500,2.420,158.510,108.200,
43.600,2.420,153.910,108.210,
43.700,2.420,145.850,108.200,
43.800,2.430,110.830,108.190,
43.900,2.430,145.520,108.180,
44.000,2.430,113.290,108.200,
44.100,2.420,130.390,108.210,
44.200,2.440,137.630,108.190,
44.300,2.440,118.390,108.180,
44.400,2.450,147.660,108.180,
44.500,2.440,148.150,108.200,
44.600,2.450,96.190,108.200,
44.700,2.450,142.230,108.190,
44.800,2.460,97.510,108.190,
44.900,2.450,136.970,108.210,
45.000,2.450,123.650,108.200,
45.100,2.440,145.690,108.220,
45.200,2.450,134.670,108.220,
45.300,2.440,144.040,108.210,
45.400,2.440,110.830,108.190,
45.500,2.430,118.060,108.160,
45.600,2.430,141.900,108.180,
45.700,2.430,126.120,108.200,
45.800,2.420,116.750,108.210,
45.900,2.430,146.020,108.200,
46.000,2.440,117.240,108.220,
46.100,2.430,140.920,108.210,
46.200,2.430,142.400,108.170,
46.300,2.420,137.300,108.160,
46.400,2.430,137.140,108.190,
46.500,2.430,156.540,108.150,
46.600,2.430,127.430,107.690,
46.700,2.420,140.590,107.020,
46.800,2.420,117.730,106.430,
46.900,2.420,147.820,106.220,
47.000,2.430,191.890,106.180,
47.100,2.440,134.180,106.120,
47.200,2.430,122.670,106.050,
47.300,2.420,123.490,106.000,
47.400,2.400,92.080,106.000,
47.500,2.430,138.450,106.010,
47.600,2.480,137.460,106.000,
47.700,2.500,99.810,105.990,
47.800,2.470,129.900,105.980,
47.900,2.430,131.550,105.960,
48.000,2.420,122.830,105.960,
48.100,2.400,111.980,105.990,
48.200,2.390,122.170,106.010,
48.300,2.420,145.850,106.000,
48.400,2.430,142.890,106.010,
48.500,2.410,151.110,106.050,
48.600,2.390,144.370,106.130,
48.700,2.400,120.530,106.190,
48.800,2.420,102.110,106.240,
48.900,2.420,126.120,106.250,
49.000,2.410,128.750,106.250,
49.100,2.410,125.630,106.230,
49.200,2.420,120.860,106.120,
49.300,2.420,105.070,106.040,
49.400,2.420,98.490,105.950,
49.500,2.410,139.110,105.910,
49.600,2.400,126.940,105.860,
49.700,2.390,140.420,105.760,
49.800,2.380,112.140,105.600,
49.900,2.400,152.100,105.270,
50.000,2.420,153.580,104.960,
50.100,2.440,151.280,104.760,
50.200,2.450,104.580,104.740,
50.300,2.480,118.720,104.770,
50.400,2.500,109.350,104.770,
50.500,2.480,111.480,104.770,
50.600,2.440,113.130,104.830,
50.700,2.410,116.090,105.200,
50.800,2.440,123.490,105.690,
50.900,2.470,102.440,106.530,
51.000,2.490,97.180,107.210,
51.100,2.480,131.710,107.390,
51.200,2.460,150.620,107.040,
51.300,2.460,142.560,107.110,
51.400,2.430,123.160,107.440,
51.500,2.420,120.860,107.300,
51.600,2.420,134.500,106.500,
51.700,2.440,133.850,105.690,
51.800,2.440,134.010,105.310,
51.900,2.440,133.520,105.010,
52.000,2.440,127.600,104.880,
52.100,2.440,107.700,104.850,
52.200,2.440,98.660,104.850,
52.300,2.430,116.250,104.830,
52.400,2.420,128.750,104.830,
52.500,2.420,143.220,104.810,
52.600,2.430,178.240,104.790,
52.700,2.430,120.860,104.790,
52.800,2.430,136.310,104.790,
52.900,2.440,162.620,104.850,
53.000,2.450,157.690,104.870,
53.100,2.450,97.840,104.890,
53.200,2.430,169.040,104.860,
53.300,2.420,116.250,104.830,
53.400,2.440,150.290,104.850,
53.500,2.440,116.090,104.870,
53.600,2.450,123.320,104.990,
53.700,2.450,117.400,105.310,
53.800,2.450,107.540,105.680,
53.900,2.460,101.290,105.960,
54.000,2.470,104.740,106.010,
54.100,2.470,112.960,106.000,
54.200,2.470,100.960,106.010,
54.300,2.460,108.360,106.000,
54.400,2.470,91.260,105.990,
54.500,2.470,116.750,105.960,
54.600,2.470,109.350,105.920,
54.700,2.460,99.320,105.830,
54.800,2.460,139.110,105.760,
54.900,2.460,126.450,105.670,
55.000,2.470,147.820,105.390,
55.100,2.480,140.590,105.100,
55.200,2.490,129.240,104.820,
55.300,2.490,146.670,104.780,
55.400,2.480,117.400,104.760,
55.500,2.480,143.880,104.770,
55.600,2.480,136.970,104.760,
55.700,2.470,143.710,104.800,
55.800,2.460,155.880,104.760,
55.900,2.440,159.330,104.800,
56.000,2.430,122.010,104.760,
56.100,2.430,136.810,104.780,
56.200,2.430,176.110,104.750,
56.300,2.430,129.570,104.790,
56.400,2.460,146.840,104.770,
56.500,2.470,110.830,104.760,
56.600,2.480,123.320,104.740,
56.700,2.470,130.070,104.760,
56.800,2.470,101.780,104.780,
56.900,2.470,125.300,104.790,
57.000,2.470,106.220,104.770,
57.100,2.470,108.690,104.750,
57.200,2.440,126.940,104.750,
57.300,2.400,116.750,104.760,
57.400,2.390,104.740,104.790,
57.500,2.410,125.790,104.780,
57.600,2.450,148.320,104.780,
57.700,2.450,90.600,104.710,
57.800,2.450,109.020,104.730,
57.900,2.440,121.510,104.830,
58.000,2.430,108.030,105.080,
58.100,2.440,156.700,105.050,
58.200,2.450,95.860,104.960,
58.300,2.460,153.250,104.780,
58.400,2.460,99.810,104.790,
58.500,2.450,97.840,104.770,
58.600,2.430,129.080,104.770,
58.700,2.430,115.760,104.760,
58.800,2.440,134.010,104.790,
58.900,2.460,93.560,104.780,
59.000,2.470,151.930,104.800,
59.100,2.460,167.720,104.760,
59.200,2.440,124.150,104.770,
59.300,2.440,127.430,104.760,
59.400,2.440,114.280,104.770,
59.500,2.440,125.630,104.770,
59.600,2.430,130.070,104.770,
59.700,2.430,146.180,104.770,
59.800,2.430,108.850,104.770,
59.900,2.450,114.940,104.770,
60.000,2.470,134.340,104.770,
60.100,2.480,124.310,104.770,
60.200,2.470,136.970,104.770,
60.300,2.470,128.750,104.770,
60.400,2.460,144.210,104.780,
60.500,2.470,115.920,104.800,
60.600,2.480,135.660,104.810,
60.700,2.490,136.970,104.790,
60.800,2.490,129.740,104.870,
60.900,2.490,108.200,105.360,
61.000,2.480,130.560,106.320,
61.100,2.480,112.310,107.060,
61.200,2.470,105.570,106.990,
61.300,2.470,116.750,106.430,
61.400,2.480,103.430,105.910,
61.500,2.490,111.480,105.550,
61.600,2.490,102.280,105.150,
61.700,2.480,122.670,104.830,
61.800,2.480,108.030,104.750,
61.900,2.480,119.870,104.730,
62.000,2.480,135.160,104.740,
62.100,2.490,115.760,104.760,
62.200,2.480,110.990,104.780,
62.300,2.480,102.610,104.750,
62.400,2.460,104.910,104.750,
62.500,2.470,134.500,104.750,
62.600,2.460,132.860,104.760,
62.700,2.460,87.810,104.760,
62.800,2.450,141.900,104.750,
62.900,2.440,150.950,104.780,
63.000,2.430,153.410,104.760,
63.100,2.430,136.810,104.770,
63.200,2.440,111.980,104.770,
63.300,2.460,149.140,104.770,
63.400,2.470,126.120,104.770,
63.500,2.460,100.960,104.740,
63.600,2.450,109.020,104.620,
63.700,2.450,105.070,104.240,
63.800,2.470,114.280,103.850,
63.900,2.470,107.210,103.520,
64.000,2.460,94.050,103.240,
64.100,2.430,110.660,102.860,
64.200,2.440,97.510,102.460,
64.300,2.490,72.350,102.290,
64.400,2.560,90.600,102.270,
64.500,2.600,76.130,102.320,
64.600,2.590,103.590,102.360,
64.700,2.580,90.930,102.670,
64.800,2.550,106.880,103.320,
64.900,2.520,109.840,104.110,
65.000,2.470,130.390,104.630,
65.100,2.440,75.150,104.770,
65.200,2.410,99.650,104.770,
65.300,2.430,100.630,104.760,
65.400,2.430,132.700,104.770,
65.500,2.450,100.470,104.760,
65.600,2.420,127.430,104.850,
65.700,2.390,91.100,105.220,
65.800,2.370,118.060,105.520,
65.900,2.380,87.480,105.750,
66.000,2.420,82.540,105.700,
66.100,2.440,106.060,105.720,
66.200,2.440,110.830,105.710,
66.300,2.430,123.650,105.740,
66.400,2.430,94.710,105.730,
66.500,2.440,68.570,105.710,
66.600,2.450,99.970,105.430,
66.700,2.450,88.630,105.110,
66.800,2.450,107.040,104.750,
66.900,2.450,88.140,104.340,
67.000,2.450,124.970,104.050,
67.100,2.440,98.820,103.790,
67.200,2.440,91.590,103.810,
67.300,2.460,141.580,103.760,
67.400,2.470,124.970,103.740,
67.500,2.460,145.190,103.750,
67.600,2.440,130.560,103.780,
67.700,2.430,156.370,103.770,
67.800,2.430,149.800,103.740,
67.900,2.440,147.330,103.760,
68.000,2.470,128.420,103.760,
68.100,2.470,126.610,103.770,
68.200,2.490,143.380,103.710,
68.300,2.490,117.900,103.680,
68.400,2.500,150.450,103.640,
68.500,2.500,164.600,103.620,
68.600,2.490,113.790,103.620,
68.700,2.480,131.220,103.590,
68.800,2.460,97.340,103.610,
68.900,2.460,86.820,103.640,
69.000,2.460,119.380,103.680,
69.100,2.460,122.500,103.720,
69.200,2.470,94.220,103.940,
69.300,2.470,114.280,104.280,
69.400,2.470,132.700,104.590,
69.500,2.440,120.200,104.690,
69.600,2.430,117.080,104.440,
69.700,2.420,103.430,104.030,
69.800,2.440,131.380,103.670,
69.900,2.450,91.420,103.530,
70.000,2.460,123.980,103.510,
70.100,2.450,104.250,103.350,
70.200,2.430,80.080,102.960,
70.300,2.410,84.190,102.570,
70.400,2.420,111.810,102.300,
70.500,2.450,142.560,102.310,
70.600,2.470,139.440,102.270,
70.700,2.460,117.400,102.300,
70.800,2.450,127.930,102.520,
70.900,2.490,124.310,103.200,
71.000,2.520,121.020,103.970,
71.100,2.520,85.010,104.400,
71.200,2.490,131.870,104.280,
71.300,2.460,104.580,104.290,
71.400,2.440,147.000,104.450,
71.500,2.420,125.790,104.690,
71.600,2.410,148.970,104.440,
71.700,2.410,150.290,104.030,
71.800,2.430,125.950,103.660,
71.900,2.440,115.760,103.480,
72.000,2.460,93.230,103.460,
72.100,2.470,105.070,103.670,
72.200,2.470,118.060,104.120,
72.300,2.480,127.930,104.530,
72.400,2.470,112.140,104.750,
72.500,2.470,107.700,104.660,
72.600,2.480,110.000,104.300,
72.700,2.480,126.120,103.900,
72.800,2.490,118.560,103.580,
72.900,2.490,104.090,103.550,
73.000,2.480,134.010,103.560,
73.100,2.470,151.110,103.540,
73.200,2.480,124.310,103.520,
73.300,2.510,108.200,103.510,
73.400,2.520,111.980,103.540,
73.500,2.500,113.790,103.530,
73.600,2.490,111.320,103.520,
73.700,2.470,120.530,103.510,
73.800,2.460,133.190,103.510,
73.900,2.450,114.610,103.510,
74.000,2.430,109.680,103.510,
74.100,2.430,164.100,103.530,
74.200,2.420,125.300,103.530,
74.300,2.430,125.300,103.540,
74.400,2.450,96.520,103.530,
74.500,2.460,136.640,103.530,
74.600,2.470,115.270,103.530,
74.700,2.470,88.140,103.550,
74.800,2.470,105.730,103.540,
74.900,2.460,132.530,103.540,
75.000,2.460,166.570,103.600,
75.100,2.460,131.050,103.740,
75.200,2.470,172.320,104.040,
75.300,2.470,126.120,103.970,
75.400,2.480,108.690,103.820,
75.500,2.480,161.470,103.510,
75.600,2.490,123.650,103.530,
75.700,2.490,112.800,103.700,
75.800,2.480,133.680,104.120,
75.900,2.470,112.310,104.520,
76.000,2.460,141.580,104.710,
76.100,2.450,135.160,104.480,
76.200,2.440,118.230,104.100,
76.300,2.450,123.650,103.810,
76.400,2.460,95.530,103.750,
76.500,2.470,108.520,104.020,
76.600,2.470,150.450,104.350,
76.700,2.480,115.760,104.640,
76.800,2.480,116.910,104.740,
76.900,2.490,125.460,104.770,
77.000,2.490,143.550,104.740,
77.100,2.490,137.460,104.540,
77.200,2.490,154.730,104.180,
77.300,2.480,123.320,103.860,
77.400,2.480,88.790,103.700,
77.500,2.490,118.560,103.710,
77.600,2.500,137.790,103.710,
77.700,2.490,126.610,103.660,
77.800,2.490,144.370,103.580,
77.900,2.490,130.230,103.540,
78.000,2.490,100.960,103.510,
78.100,2.490,115.100,103.540,
78.200,2.480,93.890,103.530,
78.300,2.470,130.890,103.560,
78.400,2.440,119.210,103.540,
78.500,2.420,138.780,103.500,
78.600,2.430,103.760,103.500,
78.700,2.460,148.320,103.530,
78.800,2.490,116.250,103.530,
78.900,2.500,123.650,103.540,
79.000,2.500,157.690,103.530,
79.100,2.480,127.110,103.530,
79.200,2.480,107.370,103.520,
79.300,2.470,75.310,103.510,
79.400,2.470,91.920,103.520,
79.500,2.480,112.310,103.510,
79.600,2.490,107.870,103.550,
79.700,2.490,137.460,103.550,
79.800,2.490,138.940,103.540,
79.900,2.480,117.900,103.510,
80.000,2.490,114.120,103.510,
80.100,2.520,130.890,103.550,
80.200,2.520,111.480,103.550,
80.300,2.520,142.400,103.540,
80.400,2.500,83.700,103.490,
80.500,2.500,133.520,103.510,
80.600,2.490,105.570,103.510,
80.700,2.460,96.360,103.530,
80.800,2.440,102.930,103.530,
80.900,2.420,107.040,103.520,
81.000,2.440,112.140,103.510,
81.100,2.460,104.740,103.510,
81.200,2.490,122.670,103.530,
81.300,2.490,135.820,103.560,
81.400,2.490,111.160,103.550,
81.500,2.470,128.590,103.540,
81.600,2.460,109.350,103.500,
81.700,2.450,112.310,103.530,
81.800,2.460,116.910,103.530,
81.900,2.480,110.170,103.540,
82.000,2.480,119.050,103.530,
82.100,2.480,119.710,103.520,
82.200,2.470,137.460,103.510,
82.300,2.480,137.790,103.520,
82.400,2.500,110.830,103.500,
82.500,2.500,91.420,103.530,
82.600,2.500,100.300,103.530,
82.700,2.490,134.830,103.540,
82.800,2.470,106.060,103.530,
82.900,2.450,125.130,103.520,
83.000,2.440,141.580,103.510,
83.100,2.460,134.180,103.510,
83.200,2.490,141.740,103.510,
83.300,2.500,138.620,103.510,
83.400,2.500,91.750,103.500,
83.500,2.500,134.670,103.470,
83.600,2.480,131.870,103.480,
83.700,2.460,125.130,103.500,
83.800,2.450,166.570,103.490,
83.900,2.440,126.610,103.500,
84.000,2.480,157.690,103.500,
84.100,2.520,123.160,103.530,
84.200,2.530,109.680,103.540,
84.300,2.510,125.460,103.510,
84.400,2.480,129.410,103.520,
84.500,2.460,141.250,103.510,
84.600,2.460,116.420,103.580,
84.700,2.490,135.160,103.880,
84.800,2.510,124.800,104.290,
84.900,2.510,142.070,104.560,
85.000,2.490,110.830,104.280,
85.100,2.470,137.140,103.940,
85.200,2.460,173.800,103.700,
85.300,2.460,155.220,103.660,
85.400,2.480,119.710,103.570,
85.500,2.490,115.430,103.500,
85.600,2.500,112.960,103.490,
85.700,2.510,119.710,103.510,
85.800,2.500,145.360,103.510,
85.900,2.500,117.900,103.510,
86.000,2.480,135.160,103.520,
86.100,2.460,99.650,103.510,
86.200,2.460,115.100,103.520,
86.300,2.460,114.770,103.510,
86.400,2.470,93.730,103.510,
86.500,2.480,110.500,103.530,
86.600,2.490,122.830,103.540,
86.700,2.490,119.710,103.510,
86.800,2.480,97.510,103.500,
86.900,2.480,104.910,103.510,
87.000,2.480,129.410,103.720,
87.100,2.480,125.950,104.210,
87.200,2.480,120.360,104.620,
87.300,2.470,152.590,104.840,
87.400,2.470,139.930,104.740,
87.500,2.480,159.660,104.750,
87.600,2.500,125.630,104.760,
87.700,2.510,127.930,104.760,
87.800,2.510,112.960,104.730,
87.900,2.500,153.090,104.730,
88.000,2.490,128.590,104.730,
88.100,2.490,156.370,104.740,
88.200,2.490,153.090,104.750,
88.300,2.480,158.680,104.740,
88.400,2.470,134.500,104.770,
88.500,2.470,146.840,104.750,
88.600,2.480,136.150,104.750,
88.700,2.470,126.780,104.730,
88.800,2.450,163.610,104.730,
88.900,2.420,199.290,104.730,
89.000,2.420,179.720,104.610,
89.100,2.440,179.070,104.190,
89.200,2.480,128.590,103.800,
89.300,2.510,157.200,103.510,
89.400,2.510,158.350,103.500,
89.500,2.500,152.430,103.310,
89.600,2.500,110.500,102.980,
89.700,2.500,143.380,102.700,
89.800,2.500,129.410,102.550,
89.900,2.490,125.950,102.530,
90.000,2.470,174.130,102.590,
90.100,2.460,157.530,102.870,
90.200,2.470,133.680,103.200,
90.300,2.490,150.130,103.510,
90.400,2.510,151.280,103.640,
90.500,2.510,127.600,103.680,
90.600,2.510,141.410,103.640,
90.700,2.520,135.490,103.560,
90.800,2.510,98.330,103.550,
90.900,2.500,127.600,103.630,
91.000,2.500,144.540,103.870,
91.100,2.510,136.480,104.240,
91.200,2.490,140.260,104.580,
91.300,2.470,151.440,104.730,
91.400,2.480,178.900,104.710,
91.500,2.490,132.370,104.710,
91.600,2.490,126.280,104.730,
91.700,2.480,111.650,104.760,
91.800,2.480,142.730,104.720,
91.900,2.490,176.600,104.750,
92.000,2.490,163.440,104.720,
92.100,2.480,111.980,104.750,
92.200,2.460,142.400,104.750,
92.300,2.430,138.120,104.750,
92.400,2.420,180.710,104.740,
92.500,2.440,175.120,104.750,
92.600,2.460,180.220,104.730,
92.700,2.480,148.650,104.700,
92.800,2.480,138.450,104.480,
92.900,2.480,143.880,104.160,
93.000,2.490,142.400,103.870,
93.100,2.500,151.610,103.740,
93.200,2.500,147.170,103.740,
93.300,2.480,188.600,103.770,
93.400,2.480,128.260,104.020,
93.500,2.480,138.120,104.360,
93.600,2.500,115.270,104.670,
93.700,2.500,140.100,104.730,
93.800,2.500,134.830,104.730,
93.900,2.490,140.750,104.730,
94.000,2.490,129.240,104.710,
94.100,2.480,144.700,104.540,
94.200,2.480,102.770,104.210,
94.300,2.490,145.190,103.840,
94.400,2.500,102.770,103.590,
94.500,2.510,135.660,103.520,
94.600,2.520,133.190,103.490,
94.700,2.520,136.480,103.510,
94.800,2.510,113.460,103.510,
94.900,2.510,109.020,103.510,
95.000,2.490,135.160,103.520,
95.100,2.470,127.270,103.480,
95.200,2.450,86.490,103.500,
95.300,2.470,156.210,103.500,
95.400,2.480,125.790,103.530,
95.500,2.480,110.330,103.530,
95.600,2.470,151.770,103.540,
95.700,2.450,145.850,103.510,
95.800,2.440,169.040,103.510,
95.900,2.460,143.550,103.530,
96.000,2.490,143.220,103.550,
96.100,2.520,139.600,103.540,
96.200,2.520,128.090,103.530,
96.300,2.510,130.230,103.530,
96.400,2.480,145.850,103.520,
96.500,2.490,146.180,103.500,
96.600,2.490,178.240,103.540,
96.700,2.500,102.440,103.690,
96.800,2.490,168.050,104.120,
96.900,2.480,120.030,104.460,
97.000,2.480,159.330,104.710,
97.100,2.500,137.460,104.710,
97.200,2.520,107.370,104.780,
97.300,2.520,145.520,105.050,
97.400,2.510,109.510,105.950,
97.500,2.510,151.930,107.140,
97.600,2.510,136.480,108.100,
97.700,2.540,151.930,108.440,
97.800,2.540,110.330,108.370,
97.900,2.540,103.760,108.080,
98.000,2.500,144.040,107.020,
98.100,2.420,135.820,105.990,
98.200,2.310,139.270,105.730,
98.300,2.250,115.760,106.170,
98.400,2.250,138.620,106.100,
98.500,2.290,168.710,104.530,
98.600,2.320,146.510,102.790,
98.700,2.350,127.270,101.530,
98.800,2.380,125.130,101.260,
98.900,2.420,164.760,101.260,
99.000,2.460,144.700,101.550,
99.100,2.490,156.050,101.580,
99.200,2.500,167.060,101.570,
99.300,2.520,118.060,101.590,
99.400,2.490,129.410,101.940,
99.500,2.480,161.470,102.340,
99.600,2.470,146.510,102.820,
99.700,2.490,148.650,103.200,
99.800,2.490,130.890,103.530,
99.900,2.500,156.870,103.520,
100.000,2.490,120.360,103.560,
100.100,2.480,187.950,104.140,
100.200,2.460,167.060,105.140,
100.300,2.460,160.320,105.820,
100.400,2.440,171.830,105.460,
100.500,2.440,141.250,104.450,
100.600,2.430,158.180,103.720,
100.700,2.440,166.730,103.500,
100.800,2.440,154.400,103.530,
100.900,2.450,145.360,103.530,
101.000,2.470,161.970,103.540,
101.100,2.480,124.970,103.490,
101.200,2.500,132.200,103.490,
101.300,2.490,131.870,103.510,
101.400,2.470,138.450,103.480,
101.500,2.420,166.240,103.200,
101.600,2.380,160.320,102.840,
101.700,2.360,162.620,102.550,
101.800,2.370,166.240,102.470,
101.900,2.390,135.160,102.460,
102.000,2.440,160.490,102.500,
102.100,2.480,142.890,102.530,
102.200,2.500,156.700,102.740,
102.300,2.490,157.690,103.030,
102.400,2.490,128.260,103.350,
102.500,2.500,170.350,103.520,
102.600,2.520,147.330,103.590,
102.700,2.510,131.220,103.700,
102.800,2.500,166.730,104.020,
102.900,2.490,164.760,104.060,
103.000,2.500,149.960,104.040,
103.100,2.520,122.010,103.960,
103.200,2.530,127.760,104.300,
103.300,2.530,163.770,104.610,
103.400,2.510,124.970,104.730,
103.500,2.510,139.770,104.710,
103.600,2.520,114.770,104.630,
103.700,2.550,126.280,104.290,
103.800,2.540,122.170,103.900,
103.900,2.530,140.420,103.570,
104.000,2.520,111.160,103.520,
104.100,2.510,127.430,103.510,
104.200,2.520,118.230,103.550,
104.300,2.530,130.230,103.670,
104.400,2.530,134.180,103.910,
104.500,2.530,111.160,104.280,
104.600,2.510,124.150,104.460,
104.700,2.510,160.980,104.210,
104.800,2.500,90.600,103.800,
104.900,2.510,141.410,103.500,
105.000,2.510,102.610,103.520,
105.100,2.510,115.760,103.510,
105.200,2.470,121.840,103.500,
105.300,2.420,127.430,103.490,
105.400,2.420,161.640,103.490,
105.500,2.440,165.250,103.490,
105.600,2.460,139.110,103.500,
105.700,2.460,125.300,103.530,
105.800,2.470,116.750,103.530,
105.900,2.480,155.390,103.540,
106.000,2.490,133.520,103.510,
106.100,2.500,139.440,103.530,
106.200,2.510,145.030,103.630,
106.300,2.530,126.280,103.930,
106.400,2.540,163.770,104.120,
106.500,2.540,161.140,104.260,
106.600,2.500,163.770,104.360,
106.700,2.470,139.110,104.550,
106.800,2.430,123.820,104.690,
106.900,2.410,115.270,104.660,
107.000,2.400,95.040,104.680,
107.100,2.420,136.480,104.700,
107.200,2.440,126.940,104.630,
107.300,2.470,138.290,104.220,
107.400,2.480,125.950,103.800,
107.500,2.500,116.420,103.510,
107.600,2.480,162.790,103.530,
107.700,2.480,143.710,103.520,
107.800,2.480,122.830,103.500,
107.900,2.500,124.470,103.490,
108.000,2.520,90.770,103.490,
108.100,2.520,88.460,103.510,
108.200,2.510,134.010,103.480,
108.300,2.500,98.990,103.330,
108.400,2.490,109.680,102.990,
108.500,2.490,111.650,102.680,
108.600,2.510,81.890,102.590,
108.700,2.520,98.000,102.810,
108.800,2.540,100.800,103.120,
108.900,2.540,127.110,103.380,
109.000,2.530,100.140,103.490,
109.100,2.510,120.860,103.510,
109.200,2.480,106.720,103.510,
109.300,2.450,126.940,103.520,
109.400,2.440,133.520,103.510,
109.500,2.450,135.980,103.520,
109.600,2.480,122.170,103.480,
109.700,2.510,153.580,103.500,
109.800,2.530,135.000,103.480,
109.900,2.540,137.960,103.510,
110.000,2.530,134.500,103.510,
110.100,2.520,122.340,103.540,
110.200,2.520,128.910,103.520,
110.300,2.530,144.370,103.500,
110.400,2.520,123.490,103.490,
110.500,2.510,126.780,103.490,
110.600,2.490,138.290,103.500,
110.700,2.470,113.790,103.500,
110.800,2.470,89.780,103.530,
110.900,2.500,125.130,103.530,
111.000,2.530,147.170,103.560,
111.100,2.550,135.330,103.540,
111.200,2.520,121.020,103.500,
111.300,2.480,121.020,103.490,
111.400,2.460,126.280,103.500,
111.500,2.470,129.900,103.550,
111.600,2.490,139.440,103.660,
111.700,2.500,157.030,103.660,
111.800,2.490,107.370,103.630,
111.900,2.470,144.860,103.490,
112.000,2.470,111.810,103.490,
112.100,2.460,136.150,103.490,
112.200,2.470,122.990,103.510,
112.300,2.470,166.400,103.540,
112.400,2.480,153.910,103.630,
112.500,2.480,153.910,103.910,
112.600,2.470,101.450,104.290,
112.700,2.480,125.130,104.590,
112.800,2.510,137.960,104.740,
112.900,2.530,133.030,104.870,
113.000,2.540,163.120,105.030,
113.100,2.520,134.500,105.250,
113.200,2.500,150.290,105.140,
113.300,2.500,129.740,104.970,
113.400,2.500,131.220,104.570,
113.500,2.490,128.090,104.120,
113.600,2.480,135.000,103.720,
113.700,2.460,115.920,103.470,
113.800,2.470,146.020,103.490,
113.900,2.480,126.780,103.490,
114.000,2.510,120.360,103.500,
114.100,2.490,154.730,103.480,
114.200,2.480,184.330,103.500,
114.300,2.470,164.760,103.500,
114.400,2.480,136.640,103.630,
114.500,2.500,159.830,103.970,
114.600,2.510,175.450,103.950,
114.700,2.510,155.720,103.870,
114.800,2.500,104.090,103.510,
114.900,2.490,125.130,103.520,
115.000,2.490,106.060,103.550,
115.100,2.490,130.230,103.820,
115.200,2.490,160.650,104.190,
115.300,2.510,107.210,104.380,
115.400,2.540,112.960,103.940,
115.500,2.550,125.950,103.340,
115.600,2.540,114.280,103.110,
115.700,2.500,125.630,103.270,
115.800,2.480,155.720,103.510,
115.900,2.470,138.940,103.510,
116.000,2.490,166.240,103.540,
116.100,2.490,110.990,103.530,
116.200,2.500,146.020,103.520,
116.300,2.500,149.630,103.470,
116.400,2.510,105.400,103.330,
116.500,2.500,143.550,102.890,
116.600,2.480,120.690,102.310,
116.700,2.460,107.210,101.690,
116.800,2.430,152.590,101.350,
116.900,2.400,139.770,101.220,
117.000,2.380,169.690,101.170,
117.100,2.390,105.890,101.210,
117.200,2.400,147.500,101.230,
117.300,2.450,152.260,101.610,
117.400,2.500,125.460,102.350,
117.500,2.520,147.660,103.070,
117.600,2.510,158.350,103.520,
117.700,2.500,132.040,103.570,
117.800,2.480,174.130,103.880,
117.900,2.480,122.990,104.170,
118.000,2.490,160.650,104.200,
118.100,2.490,127.270,103.980,
118.200,2.490,163.770,103.750,
118.300,2.480,110.330,103.760,
118.400,2.490,110.500,103.980,
118.500,2.500,144.540,104.290,
118.600,2.500,120.860,104.470,
118.700,2.490,153.090,104.030,
118.800,2.490,98.000,103.220,
118.900,2.490,115.920,102.550,
119.000,2.490,108.690,102.280,
119.100,2.480,98.330,102.270,
119.200,2.470,110.330,102.310,
119.300,2.470,136.970,102.370,
119.400,2.490,152.100,102.390,
119.500,2.500,106.720,102.410,
119.600,2.510,105.240,102.700,
119.700,2.490,138.620,102.930,
119.800,2.480,124.150,102.910,
119.900,2.470,94.880,102.630,
120.000,2.470,101.450,102.440,
120.100,2.470,122.500,102.430,
120.200,2.480,136.480,102.390,
120.300,2.490,139.770,102.380,
120.400,2.500,122.170,102.380,
120.500,2.480,121.510,102.400,
120.600,2.480,172.160,102.470,
120.700,2.490,164.600,102.780,
120.800,2.510,148.480,103.160,
120.900,2.510,158.350,103.560,
121.000,2.500,124.310,103.680,
121.100,2.490,115.920,103.650,
121.200,2.500,139.110,103.430,
121.300,2.510,111.980,103.120,
121.400,2.510,151.930,103.150,
121.500,2.500,126.120,103.270,
121.600,2.490,134.180,103.540,
121.700,2.480,124.800,103.590,
121.800,2.500,147.660,103.580,
121.900,2.510,129.570,103.530,
122.000,2.510,154.400,103.310,
122.100,2.510,155.220,102.920,
122.200,2.520,154.070,102.550,
122.300,2.530,122.010,102.050,
122.400,2.520,151.280,101.630,
122.500,2.490,133.190,101.220,
122.600,2.440,148.480,101.050,
122.700,2.420,132.370,101.040,
122.800,2.430,157.530,101.050,
122.900,2.460,128.090,101.270,
123.000,2.490,137.630,101.910,
123.100,2.500,131.050,102.710,
123.200,2.500,127.110,103.330,
123.300,2.490,156.370,103.510,
123.400,2.490,144.210,103.510,
123.500,2.480,137.300,103.530,
123.600,2.510,133.520,103.680,
123.700,2.520,132.530,104.090,
123.800,2.530,139.440,104.460,
123.900,2.530,152.100,104.710,
124.000,2.520,127.110,104.690,
124.100,2.510,156.050,104.530,
124.200,2.520,110.170,104.210,
124.300,2.520,135.160,103.980,
124.400,2.520,125.790,104.070,
124.500,2.510,154.240,104.390,
124.600,2.490,131.220,104.700,
124.700,2.490,127.930,105.040,
124.800,2.500,148.650,105.180,
124.900,2.490,153.740,104.340,
125.000,2.430,135.000,103.240,
125.100,2.390,115.430,102.310,
125.200,2.360,95.210,102.280,
125.300,2.380,149.300,102.260,
125.400,2.400,101.450,102.260,
125.500,2.430,147.820,102.250,
125.600,2.450,135.330,102.280,
125.700,2.450,144.860,102.270,
125.800,2.460,120.030,102.300,
125.900,2.470,125.950,102.350,
126.000,2.480,135.820,102.530,
126.100,2.490,145.360,102.900,
126.200,2.520,124.640,103.310,
126.300,2.520,125.630,103.600,
126.400,2.510,136.640,103.600,
126.500,2.490,114.940,103.620,
126.600,2.490,138.450,103.940,
126.700,2.480,133.190,104.320,
126.800,2.480,121.020,104.470,
126.900,2.490,137.630,104.490,
127.000,2.510,95.210,104.510,
127.100,2.540,132.860,104.690,
127.200,2.540,118.390,104.650,
127.300,2.540,119.540,104.390,
127.400,2.530,118.230,104.010,
127.500,2.540,125.630,103.640,
127.600,2.520,141.900,103.520,
127.700,2.500,138.940,103.500,
127.800,2.490,117.570,103.530,
127.900,2.490,138.780,103.390,
128.000,2.510,130.890,102.980,
128.100,2.540,92.570,102.560,
128.200,2.580,100.300,102.340,
128.300,2.590,111.160,102.740,
128.400,2.560,124.640,103.050,
128.500,2.530,110.830,103.080,
128.600,2.500,128.910,103.100,
128.700,2.470,153.580,103.180,
128.800,2.470,125.950,103.450,
128.900,2.490,135.330,103.160,
129.000,2.510,134.500,102.930,
129.100,2.530,159.010,103.000,
129.200,2.540,116.910,103.550,
129.300,2.540,150.620,103.770,
129.400,2.540,145.850,103.750,
129.500,2.530,125.460,103.480,
129.600,2.530,129.740,103.520,
129.700,2.530,109.510,103.600,
129.800,2.530,179.230,103.760,
129.900,2.520,149.140,104.000,
130.000,2.510,104.250,104.300,
130.100,2.510,85.830,104.520,
130.200,2.510,140.750,104.450,
130.300,2.490,119.050,104.030,
130.400,2.480,111.980,103.640,
130.500,2.470,104.740,103.460,
130.600,2.470,97.840,103.490,
130.700,2.470,100.960,103.500,
130.800,2.460,108.850,103.550,
130.900,2.440,124.970,103.970,
131.000,2.420,162.290,104.370,
131.100,2.410,117.240,104.730,
131.200,2.420,113.790,104.720,
131.300,2.450,122.340,104.730,
131.400,2.480,152.430,104.700,
131.500,2.510,129.410,104.700,
131.600,2.530,124.310,104.530,
131.700,2.540,108.200,104.320,
131.800,2.530,122.010,104.320,
131.900,2.510,126.780,104.480,
132.000,2.500,137.790,104.540,
132.100,2.500,137.300,104.150,
132.200,2.510,131.550,103.800,
132.300,2.530,118.230,103.550,
132.400,2.540,121.840,103.540,
132.500,2.540,148.480,103.510,
132.600,2.520,152.920,103.510,
132.700,2.530,105.570,103.500,
132.800,2.540,158.350,103.490,
132.900,2.550,128.750,103.510,
133.000,2.560,107.870,103.510,
133.100,2.560,88.630,103.520,
133.200,2.540,92.080,103.500,
133.300,2.520,118.060,103.530,
133.400,2.500,168.870,103.530,
133.500,2.500,103.760,103.550,
133.600,2.490,164.600,103.580,
133.700,2.510,138.780,103.700,
133.800,2.520,125.790,103.980,
133.900,2.530,138.120,104.330,
134.000,2.530,167.230,104.610,
134.100,2.520,94.710,104.610,
134.200,2.520,161.800,104.310,
134.300,2.510,112.960,104.140,
134.400,2.520,132.200,103.610,
134.500,2.530,140.920,103.110,
134.600,2.520,117.400,102.510,
134.700,2.490,128.750,102.540,
134.800,2.480,107.700,102.810,
134.900,2.470,121.020,102.770,
135.000,2.460,149.800,102.560,
135.100,2.460,112.960,102.270,
135.200,2.470,123.160,102.240,
135.300,2.480,102.930,102.240,
135.400,2.490,150.130,102.250,
135.500,2.490,131.550,102.270,
135.600,2.500,145.190,102.280,
135.700,2.500,166.080,102.270,
135.800,2.500,131.380,102.320,
135.900,2.490,152.760,102.500,
136.000,2.500,145.520,102.920,
136.100,2.490,178.570,103.420,
136.200,2.500,125.130,104.010,
136.300,2.500,159.500,104.390,
136.400,2.520,149.800,104.650,
136.500,2.520,153.580,104.700,
136.600,2.520,156.050,104.620,
136.700,2.520,150.130,104.430,
136.800,2.520,124.800,104.180,
136.900,2.520,100.300,104.270,
137.000,2.510,158.680,104.460,
137.100,2.500,154.070,104.550,
137.200,2.490,147.820,104.170,
137.300,2.510,97.340,103.750,
137.400,2.530,109.840,103.510,
137.500,2.540,133.030,103.460,
137.600,2.540,144.370,103.480,
137.700,2.540,131.870,103.460,
137.800,2.520,125.130,103.480,
137.900,2.500,165.420,103.470,
138.000,2.490,143.220,103.490,
138.100,2.500,135.330,103.480,
138.200,2.490,155.390,103.420,
138.300,2.490,157.690,103.230,
138.400,2.460,162.290,103.190,
138.500,2.460,118.720,102.970,
138.600,2.470,117.400,102.770,
138.700,2.500,114.610,102.410,
138.800,2.520,89.120,102.300,
138.900,2.550,83.040,102.280,
139.000,2.540,127.600,102.270,
139.100,2.510,130.230,102.280,
139.200,2.490,182.350,102.270,
139.300,2.490,140.420,102.290,
139.400,2.500,135.980,102.230,
139.500,2.500,129.240,102.250,
139.600,2.510,163.610,102.230,
139.700,2.520,126.940,102.270,
139.800,2.520,116.750,102.230,
139.900,2.510,156.540,102.260,
140.000,2.500,146.670,102.250,
140.100,2.490,131.870,102.140,
140.200,2.490,135.980,101.720,
140.300,2.470,127.600,101.330,
140.400,2.470,94.380,101.020,
140.500,2.470,101.620,100.980,
140.600,2.480,146.340,100.900,
140.700,2.480,119.540,100.850,
140.800,2.480,121.510,100.800,
140.900,2.520,128.590,100.870,
141.000,2.560,155.060,101.270,
141.100,2.600,99.970,102.330,
141.200,2.570,81.720,103.560,
141.300,2.530,111.810,104.550,
141.400,2.510,129.740,104.910,
141.500,2.500,111.980,104.850,
141.600,2.500,121.680,104.530,
141.700,2.500,132.040,104.030,
141.800,2.510,125.790,103.660,
141.900,2.510,142.890,103.490,
142.000,2.510,157.200,103.490,
142.100,2.510,135.330,103.500,
142.200,2.510,174.130,103.520,
142.300,2.520,118.560,103.490,
142.400,2.520,118.880,103.500,
142.500,2.520,146.840,103.470,
142.600,2.510,100.470,103.480,
142.700,2.490,152.760,103.470,
142.800,2.470,130.720,103.470,
142.900,2.480,165.250,103.470,
143.000,2.490,137.140,103.490,
143.100,2.500,123.650,103.490,
143.200,2.490,140.420,103.440,
143.300,2.470,122.670,103.110,
143.400,2.460,120.690,102.800,
143.500,2.490,121.190,102.870,
143.600,2.540,119.380,103.460,
143.700,2.560,109.680,104.170,
143.800,2.530,144.540,104.550,
143.900,2.490,136.970,104.620,
144.000,2.510,131.550,104.220,
144.100,2.530,126.280,103.820,
144.200,2.550,111.160,103.520,
144.300,2.540,151.280,103.560,
144.400,2.520,112.640,103.550,
144.500,2.490,85.180,103.550,
144.600,2.480,113.790,103.480,
144.700,2.480,105.400,103.510,
144.800,2.470,164.760,103.510,
144.900,2.480,114.770,103.510,
145.000,2.480,135.660,103.520,
145.100,2.500,137.960,103.500,
145.200,2.510,166.900,103.520,
145.300,2.520,124.310,103.470,
145.400,2.530,156.540,103.480,
145.500,2.540,100.300,103.470,
145.600,2.540,126.940,103.490,
145.700,2.530,116.090,103.490,
145.800,2.550,89.620,103.490,
145.900,2.550,83.370,103.480,
146.000,2.540,134.670,103.530,
146.100,2.520,133.520,103.850,
146.200,2.530,103.260,104.290,
146.300,2.540,139.440,104.650,
146.400,2.520,88.460,104.870,
146.500,2.500,124.150,105.240,
146.600,2.490,145.360,105.610,
146.700,2.490,154.890,105.840,
146.800,2.500,143.880,105.460,
146.900,2.520,126.610,105.070,
147.000,2.530,139.930,104.630,
147.100,2.540,133.850,104.340,
147.200,2.530,148.480,104.370,
147.300,2.540,102.930,104.700,
147.400,2.550,107.040,104.970,
147.500,2.540,152.920,104.940,
147.600,2.550,145.520,104.680,
147.700,2.530,101.450,104.600,
147.800,2.540,144.040,104.500,
147.900,2.520,118.720,104.340,
148.000,2.510,121.350,104.430,
148.100,2.500,174.300,104.530,
148.200,2.510,135.490,104.730,
148.300,2.520,119.710,104.700,
148.400,2.520,136.640,104.780,
148.500,2.530,180.870,104.940,
148.600,2.530,110.830,104.680,
148.700,2.540,145.030,104.250,
148.800,2.540,130.560,103.850,
148.900,2.540,139.110,104.060,
149.000,2.540,131.220,104.490,
149.100,2.530,146.840,104.840,
149.200,2.530,129.080,104.820,
149.300,2.530,138.780,104.440,
149.400,2.550,152.920,104.110,
149.500,2.550,109.680,104.060,
149.600,2.550,139.440,104.220,
149.700,2.530,140.260,104.160,
149.800,2.520,123.980,103.900,
149.900,2.510,121.840,103.630,
150.000,2.530,123.320,103.510,
150.100,2.530,137.630,103.500,
150.200,2.520,142.560,103.490,
150.300,2.510,161.640,103.450,
150.400,2.510,147.990,103.230,
150.500,2.510,113.290,102.910,
150.600,2.490,141.740,102.590,
150.700,2.490,146.020,102.500,
150.800,2.500,116.750,102.520,
150.900,2.520,149.470,102.530,
151.000,2.540,125.790,102.520,
151.100,2.530,97.840,102.480,
151.200,2.510,148.810,102.470,
151.300,2.480,121.510,102.460,
151.400,2.470,143.220,102.480,
151.500,2.480,143.710,102.480,
151.600,2.490,127.930,102.470,
151.700,2.500,152.100,102.480,
151.800,2.530,126.280,102.750,
151.900,2.530,105.570,103.070,
152.000,2.530,133.520,103.390,
152.100,2.520,116.090,103.470,
152.200,2.510,136.310,103.490,
152.300,2.530,113.460,103.530,
152.400,2.520,121.680,103.720,
152.500,2.530,158.510,103.830,
152.600,2.520,122.670,103.810,
152.700,2.540,142.730,103.610,
152.800,2.550,118.560,103.530,
152.900,2.540,137.300,103.610,
153.000,2.520,198.300,103.860,
153.100,2.530,108.850,104.150,
153.200,2.550,172.820,104.350,
153.300,2.550,130.390,104.450,
153.400,2.540,144.370,104.370,
153.500,2.520,153.910,104.250,
153.600,2.510,148.650,103.920,
153.700,2.510,174.630,103.720,
153.800,2.500,179.890,103.570,
153.900,2.500,179.890,103.570,
154.000,2.490,140.260,103.500,
154.100,2.490,131.870,103.470,
154.200,2.500,140.260,103.480,
154.300,2.510,143.060,103.470,
154.400,2.500,167.390,103.480,
154.500,2.490,181.530,103.460,
154.600,2.490,131.050,103.500,
154.700,2.490,130.720,103.490,
154.800,2.500,132.370,103.520,
154.900,2.510,137.630,103.690,
155.000,2.520,118.060,104.280,
155.100,2.520,138.290,104.660,
155.200,2.510,156.870,104.870,
155.300,2.510,127.930,104.560,
155.400,2.520,132.370,104.560,
155.500,2.530,107.040,104.590,
155.600,2.520,159.660,104.720,
155.700,2.530,141.740,104.750,
155.800,2.530,126.610,104.720,
155.900,2.530,132.860,104.730,
156.000,2.540,129.240,104.650,
156.100,2.560,105.890,104.400,
156.200,2.560,114.440,103.940,
156.300,2.550,90.770,103.290,
156.400,2.540,91.420,102.420,
156.500,2.540,86.000,101.720,
156.600,2.540,121.510,101.380,
156.700,2.510,87.310,101.670,
156.800,2.500,101.450,101.620,
156.900,2.500,101.130,101.450,
157.000,2.500,98.820,101.080,
157.100,2.500,101.950,101.040,
157.200,2.500,84.850,101.030,
157.300,2.490,105.070,101.100,
157.400,2.470,98.330,101.410,
157.500,2.490,91.420,101.960,
157.600,2.520,87.150,102.520,
157.700,2.550,70.710,102.610,
157.800,2.550,84.350,102.490,
157.900,2.550,94.550,102.290,
158.000,2.540,104.250,102.370,
158.100,2.540,75.640,102.510,
158.200,2.520,90.930,102.490,
158.300,2.490,136.970,102.500,
158.400,2.460,143.710,102.670,
158.500,2.430,148.480,103.050,
158.600,2.410,164.600,103.370,
158.700,2.420,135.330,103.450,
158.800,2.450,129.570,103.470,
158.900,2.480,111.980,103.470,
159.000,2.500,134.500,103.490,
159.100,2.510,126.780,103.490,
159.200,2.520,160.650,103.500,
159.300,2.510,144.370,103.480,
159.400,2.500,133.030,103.430,
159.500,2.480,130.390,103.220,
159.600,2.480,140.420,102.840,
159.700,2.490,112.470,102.550,
159.800,2.490,112.470,102.390,
159.900,2.490,125.460,102.410,
160.000,2.460,136.310,102.410,
160.100,2.440,96.850,102.430,
160.200,2.470,92.900,102.440,
160.300,2.500,109.840,102.820,
160.400,2.520,108.520,103.210,
160.500,2.520,122.500,103.230,
160.600,2.540,131.050,103.110,
160.700,2.550,95.530,102.970,
160.800,2.560,109.510,103.260,
160.900,2.560,114.770,103.430,
161.000,2.560,137.460,103.760,
161.100,2.550,116.580,103.860,
161.200,2.530,102.280,104.020,
161.300,2.510,104.910,103.970,
161.400,2.520,140.260,103.890,
161.500,2.520,138.780,103.620,
161.600,2.530,115.100,103.190,
161.700,2.500,106.390,102.770,
161.800,2.480,124.640,102.400,
161.900,2.460,157.850,102.260,
162.000,2.480,152.760,102.260,
162.100,2.500,135.330,102.250,
162.200,2.520,103.590,102.220,
162.300,2.530,96.030,102.210,
162.400,2.550,126.610,102.160,
162.500,2.550,82.050,102.310,
162.600,2.540,101.290,102.690,
162.700,2.520,113.130,103.190,
162.800,2.500,114.940,103.680,
162.900,2.490,133.190,104.140,
163.000,2.450,120.530,104.590,
163.100,2.440,122.170,104.870,
163.200,2.470,116.910,104.240,
163.300,2.500,121.680,102.940,
163.400,2.510,93.230,101.640,
163.500,2.500,89.620,101.170,
163.600,2.480,98.660,101.460,
163.700,2.460,104.410,101.880,
163.800,2.450,127.930,102.170,
163.900,2.450,113.290,102.270,
164.000,2.480,136.970,102.240,
164.100,2.510,141.410,102.240,
164.200,2.500,155.220,102.250,
164.300,2.490,137.960,102.260,
164.400,2.470,138.290,102.270,
164.500,2.470,119.540,102.300,
164.600,2.460,138.120,102.360,
164.700,2.460,173.150,102.380,
164.800,2.470,127.110,102.460,
164.900,2.500,149.960,102.810,
165.000,2.520,127.760,103.150,
165.100,2.530,104.410,103.220,
165.200,2.530,83.040,103.170,
165.300,2.540,119.380,102.780,
165.400,2.520,140.260,102.610,
165.500,2.490,133.190,102.270,
165.600,2.450,133.350,102.280,
165.700,2.440,128.090,102.230,
165.800,2.450,123.320,101.980,
165.900,2.450,142.560,101.550,
166.000,2.480,111.810,101.150,
166.100,2.500,90.440,100.940,
166.200,2.520,90.270,100.980,
166.300,2.530,110.170,101.000,
166.400,2.530,85.830,101.100,
166.500,2.560,92.080,101.480,
166.600,2.590,75.150,101.790,
166.700,2.600,107.540,101.800,
166.800,2.600,71.360,101.590,
166.900,2.550,64.130,101.850,
167.000,2.460,124.310,102.840,
167.100,2.090,121.190,101.040,
167.200,2.180,135.660,101.030,
167.300,2.250,134.180,101.050,
167.400,2.300,110.330,101.050,
167.500,2.320,96.190,101.070,
167.600,2.360,152.920,101.060,
167.700,2.390,137.790,101.010,
167.800,2.370,132.530,101.000,
167.900,2.400,119.050,100.980,
168.000,2.480,121.680,101.030,
168.100,2.530,140.260,101.030,
168.200,2.530,156.870,101.030,
168.300,2.480,128.420,101.010,
168.400,2.480,109.350,101.050,
168.500,2.470,131.220,101.140,
168.600,2.460,128.260,101.200,
168.700,2.440,129.740,101.210,
168.800,2.420,141.900,101.430,
168.900,2.460,109.020,101.780,
169.000,2.470,126.120,101.960,
169.100,2.510,113.130,102.080,
169.200,2.490,121.510,102.090,
169.300,2.500,135.490,102.220,
169.400,2.490,135.000,101.970,
169.500,2.480,141.740,101.570,
169.600,2.470,145.030,101.250,
169.700,2.470,175.450,101.120,
169.800,2.520,126.780,101.080,
169.900,2.570,131.220,101.010,
170.000,2.610,83.860,101.300,
170.100,2.590,86.330,102.380,
170.200,2.550,134.180,103.540,
170.300,2.500,163.940,103.840,
170.400,2.460,131.710,103.270,
170.500,2.440,108.690,102.980,
170.600,2.440,103.260,103.140,
170.700,2.460,150.130,103.220,
170.800,2.490,132.860,103.030,
170.900,2.500,117.730,102.860,
171.000,2.500,130.560,103.130,
171.100,2.480,154.070,103.240,
171.200,2.460,142.730,102.790,
171.300,2.460,135.160,101.240,
171.400,2.420,93.230,99.710,
171.500,2.400,118.880,98.770,
171.600,2.440,87.310,98.920,
171.700,2.470,95.700,99.690,
171.800,2.480,118.390,100.460,
171.900,2.490,135.000,101.040,
172.000,2.540,110.990,101.400,
172.100,2.550,126.280,101.770,
172.200,2.550,130.070,101.820,
172.300,2.540,121.680,101.490,
172.400,2.550,117.900,101.090,
172.500,2.510,130.890,100.760,
172.600,2.490,150.450,100.770,
172.700,2.460,126.120,100.980,
172.800,2.450,132.040,101.330,
172.900,2.460,156.870,101.310,
173.000,2.480,140.590,101.160,
173.100,2.560,120.690,101.060,
173.200,2.600,83.370,101.160,
173.300,2.590,107.540,101.410,
173.400,2.500,119.380,101.540,
173.500,2.460,134.830,101.710,
173.600,2.470,159.990,101.870,
173.700,2.480,138.120,102.470,
173.800,2.510,116.580,102.600,
173.900,2.540,151.440,102.450,
174.000,2.560,122.010,101.850,
174.100,2.520,118.560,101.140,
174.200,2.440,98.820,100.660,
174.300,2.370,113.460,100.120,
174.400,2.340,126.280,100.090,
174.500,2.380,121.510,100.290,
174.600,2.440,134.340,100.860,
174.700,2.480,122.500,101.010,
174.800,2.490,99.320,100.800,
174.900,2.500,106.880,100.230,
175.000,2.470,103.430,100.040,
175.100,2.440,143.550,99.870,
175.200,2.410,122.170,99.920,
175.300,2.410,147.990,100.220,
175.400,2.360,112.640,100.610,
175.500,2.320,111.810,101.000,
175.600,2.290,115.920,101.380,
175.700,2.290,112.140,101.970,
175.800,2.330,104.580,102.740,
175.900,2.390,107.870,103.190,
176.000,2.430,113.790,103.000,
176.100,2.400,90.110,102.610,
176.200,2.440,103.590,102.210,
176.300,2.600,86.980,101.800,
176.400,2.690,67.910,101.370,
176.500,2.600,75.640,100.970,
176.600,2.400,116.910,100.710,
176.700,2.290,106.060,100.320,
176.800,2.280,112.640,100.040,
176.900,2.290,122.500,100.180,
177.000,2.330,132.700,100.580,
177.100,2.380,119.710,101.060,
177.200,2.410,119.870,101.600,
177.300,2.420,127.430,102.070,
177.400,2.440,106.720,102.600,
177.500,2.470,102.440,103.120,
177.600,2.520,111.480,103.880,
177.700,2.520,93.560,104.440,
177.800,2.520,123.320,104.680,
177.900,2.490,110.330,104.300,
178.000,2.470,118.230,103.950,
178.100,2.460,104.580,103.560,
178.200,2.450,116.420,103.320,
178.300,2.480,121.020,103.040,
178.400,2.510,105.730,102.680,
178.500,2.540,112.470,102.580,
178.600,2.540,122.670,102.720,
178.700,2.510,142.230,102.940,
178.800,2.490,121.840,102.840,
178.900,2.450,139.770,102.520,
179.000,2.460,108.200,102.300,
179.100,2.450,99.650,102.300,
179.200,2.460,120.860,102.290,
179.300,2.450,98.490,102.390,
179.400,2.460,103.920,102.750,
179.500,2.450,108.030,103.100,
179.600,2.450,117.900,103.030,
179.700,2.440,102.770,102.670,
179.800,2.440,104.410,102.330,
179.900,2.440,105.070,102.300,
180.000,2.480,106.550,102.300,
180.100,2.510,120.530,102.270,
180.200,2.520,123.160,102.250,
180.300,2.570,113.130,102.500,
180.400,2.600,82.870,103.230,
180.500,2.600,94.380,103.960,
180.600,2.540,99.810,104.320,
180.700,2.500,106.880,104.350,
180.800,2.510,102.610,104.100,
180.900,2.520,92.410,103.840,
181.000,2.530,115.100,103.120,
181.100,2.600,83.200,102.370,
181.200,2.640,95.700,101.910,
181.300,2.600,98.330,101.420,
181.400,2.500,115.920,100.480,
181.500,2.440,118.560,98.970,
181.600,2.460,106.550,97.850,
181.700,2.460,110.660,97.450,
181.800,2.470,119.870,97.450,
181.900,2.470,90.770,97.440,
182.000,2.480,100.140,97.450,
182.100,2.470,117.730,97.460,
182.200,2.470,104.580,97.460,
182.300,2.480,91.920,97.440,
182.400,2.480,110.000,97.450,
182.500,2.480,99.150,97.440,
182.600,2.490,111.160,97.470,
182.700,2.520,118.720,97.450,
182.800,2.530,86.820,97.450,
182.900,2.520,136.810,97.450,
183.000,2.490,115.100,97.460,
183.100,2.500,121.840,97.470,
183.200,2.520,94.380,97.450,
183.300,2.520,110.660,97.450,
183.400,2.490,108.850,97.430,
183.500,2.470,113.460,97.440,
183.600,2.470,103.760,97.450,
183.700,2.490,103.760,97.460,
183.800,2.500,104.090,97.470,
183.900,2.490,109.020,97.470,
184.000,2.470,106.550,97.490,
184.100,2.490,123.650,97.470,
184.200,2.520,97.840,97.450,
184.300,2.530,108.690,97.450,
184.400,2.520,131.710,97.380,
184.500,2.550,111.480,97.050,
184.600,2.550,100.630,96.700,
184.700,2.540,121.680,96.440,
184.800,2.520,77.280,96.420,
184.900,2.530,101.950,96.430,
185.000,2.510,106.060,96.440,
185.100,2.470,116.090,96.440,
185.200,2.450,139.440,96.440,
185.300,2.460,128.420,96.410,
185.400,2.470,127.930,96.400,
185.500,2.470,115.760,96.380,
185.600,2.470,118.560,96.370,
185.700,2.520,107.210,96.370,
185.800,2.540,104.410,96.370,
185.900,2.540,112.640,96.380,
186.000,2.490,105.400,96.360,
186.100,2.480,116.910,96.350,
186.200,2.490,110.990,96.360,
186.300,2.490,124.470,96.390,
186.400,2.480,102.610,96.380,
186.500,2.480,110.660,96.330,
186.600,2.560,94.710,96.340,
186.700,2.610,81.230,96.400,
186.800,2.620,102.440,96.460,
186.900,2.540,111.480,96.460,
187.000,2.480,105.890,96.470,
187.100,2.430,105.890,96.480,
187.200,2.430,109.180,96.480,
187.300,2.430,105.400,96.480,
187.400,2.440,132.530,96.460,
187.500,2.460,103.760,96.440,
187.600,2.470,102.440,96.440,
187.700,2.460,118.390,96.450,
187.800,2.440,102.610,96.470,
187.900,2.450,123.490,96.480,
188.000,2.460,107.700,96.470,
188.100,2.450,101.950,96.480,
188.200,2.440,109.180,96.460,
188.300,2.430,127.270,96.460,
188.400,2.450,108.030,96.440,
188.500,2.470,141.900,96.450,
188.600,2.470,93.070,96.460,
188.700,2.450,120.030,96.440,
188.800,2.430,112.470,96.440,
188.900,2.430,141.080,96.450,
189.000,2.450,113.790,96.460,
189.100,2.490,129.570,96.460,
189.200,2.500,127.270,96.440,
189.300,2.500,110.500,96.440,
189.400,2.470,139.770,96.440,
189.500,2.460,104.580,96.420,
189.600,2.450,127.760,96.420,
189.700,2.430,100.800,96.410,
189.800,2.430,108.850,96.440,
189.900,2.440,107.700,96.450,
190.000,2.400,126.120,96.470,
190.100,2.280,94.710,96.480,
190.200,1.970,62.980,96.430,
190.300,1.630,52.290,96.370,
190.400,1.380,24.170,96.300,
190.500,1.320,28.280,96.270,
190.600,1.310,8.710,96.250,
190.700,1.320,9.870,96.250,
190.800,1.390,23.680,96.260,
190.900,1.420,28.780,96.270,
191.000,1.400,19.400,96.280,
191.100,1.350,11.510,96.290,
191.200,1.340,9.540,96.270,
191.300,1.340,14.470,96.270,
191.400,1.320,17.430,96.270,
191.500,1.280,14.800,96.270,
191.600,1.260,14.310,96.250,
191.700,1.250,10.360,96.250,
191.800,1.250,14.630,96.260,
191.900,1.250,12.660,96.270,
192.000,1.250,12.660,96.280,
192.100,1.250,9.040,96.290,
192.200,1.250,8.710,96.290,
192.300,1.250,4.110,96.250,
192.400,1.250,6.910,96.260,
192.500,1.250,19.400,96.280,
192.600,1.260,8.880,96.290,
192.700,1.270,4.440,96.270,
192.800,1.270,5.760,96.260,
192.900,1.270,14.470,96.270,
193.000,1.250,12.170,96.270,
193.100,1.250,14.630,96.270,
193.200,1.260,12.990,96.280,
193.300,1.270,12.830,96.290,
193.400,1.250,7.560,96.270,
193.500,1.230,12.830,96.250,
193.600,1.310,8.550,96.260,
193.700,1.370,18.090,96.280,
193.800,1.380,15.460,96.290,
193.900,1.420,26.470,96.280,
194.000,1.440,26.970,96.290,
194.100,1.450,17.100,96.280,
194.200,1.320,20.880,96.300,
194.300,1.250,23.680,96.430,
194.400,1.410,55.740,96.830,
194.500,1.740,79.090,97.220,
194.600,1.820,102.110,97.470,
194.700,1.660,59.360,97.470,
194.800,1.340,33.870,97.470,
194.900,1.260,26.140,97.470,
195.000,1.340,16.440,97.490,
195.100,1.450,29.100,97.470,
195.200,1.460,21.380,97.470,
195.300,1.390,19.900,97.450,
195.400,1.310,18.910,97.450,
195.500,1.310,21.210,97.450,
195.600,1.320,12.830,97.460,
195.700,1.290,9.700,97.440,
195.800,1.280,14.630,97.190,
195.900,1.320,14.630,96.800,
196.000,1.340,10.030,96.430,
196.100,1.350,20.550,96.280,
196.200,1.310,22.360,96.290,
196.300,1.300,12.500,96.270,
196.400,1.260,14.470,96.270,
196.500,1.280,24.990,96.280,
196.600,1.370,49.990,96.290,
196.700,1.400,42.750,96.290,
196.800,1.490,14.140,96.290,
196.900,1.510,13.320,96.280,
197.000,1.460,18.250,96.290,
197.100,1.260,27.300,96.290,
197.200,1.230,16.610,96.290,
197.300,1.450,39.460,96.280,
197.400,1.840,74.980,96.290,
197.500,2.220,102.770,96.280,
197.600,2.420,103.100,96.300,
197.700,2.520,87.310,96.280,
197.800,2.580,94.710,96.300,
197.900,2.580,120.360,96.280,
198.000,2.510,98.820,96.300,
198.100,2.480,93.070,96.280,
198.200,2.470,128.910,96.290,
198.300,2.470,120.690,96.290,
198.400,2.460,128.750,96.310,
198.500,2.460,135.490,96.300,
198.600,2.480,98.330,96.280,
198.700,2.510,-999.250,96.290,
198.800,2.640,-999.250,96.280,
198.900,2.660,-999.250,96.290,
199.000,2.620,-999.250,96.280,
199.100,2.470,-999.250,96.290,
199.200,2.440,-999.250,96.290,
199.300,2.470,-999.250,96.270,
199.400,2.500,-999.250,96.270,
199.500,2.520,-999.250,96.280,
199.600,2.510,-999.250,96.310,
199.700,2.500,-999.250,96.310,
199.800,2.490,-999.250,96.330,
199.900,2.480,-999.250,96.310,
200.000,2.520,-999.250,96.310,
200.100,2.650,-999.250,96.290,
200.200,2.670,-999.250,96.260,
200.300,2.630,-999.250,96.040,
200.400,2.500,-999.250,95.680,
200.500,2.480,-999.250,95.340,
200.600,2.510,-999.250,95.170,
200.700,2.570,-999.250,95.150,
200.800,-999.250,-999.250,-999.250,
200.900,-999.250,-999.250,-999.250,
201.000,-999.250,-999.250,-999.250,
201.100,-999.250,-999.250,-999.250,
201.200,-999.250,-999.250,-999.250,
201.300,-999.250,-999.250,-999.250,
201.400,-999.250,-999.250,-999.250,
201.500,-999.250,-999.250,-999.250,
201.600,-999.250,-999.250,-999.250,
201.700,-999.250,-999.250,-999.250,
201.800,-999.250,-999.250,-999.250,
201.900,-999.250,-999.250,-999.250,
202.000,-999.250,-999.250,-999.250,
202.100,-999.250,-999.250,-999.250,
202.200,-999.250,-999.250,-999.250,
202.300,-999.250,-999.250,-999.250,
