Depth,DENB,GRDE,CADE                    
0,-999.25,93.23,-999.25
0.1,-999.25,85.5,-999.25
0.2,-999.25,71.2,-999.25
0.3,-999.25,74.16,-999.25
0.4,-999.25,66.27,-999.25
0.5,-999.25,64.13,-999.25
0.6,-999.25,43.25,-999.25
0.7,-999.25,50.81,-999.25
0.8,-999.25,75.97,-999.25
0.9,-999.25,66.59,-999.25
1,-999.25,76.95,-999.25
1.1,-999.25,66.59,-999.25
1.2,-999.25,76.95,-999.25
1.3,-999.25,86.82,-999.25
1.4,-999.25,60.68,-999.25
1.5,-999.25,79.26,-999.25
1.6,-999.25,69.06,-999.25
1.7,-999.25,74.49,-999.25
1.8,-999.25,67.91,-999.25
1.9,-999.25,72.35,106.31
2,-999.25,64.95,106.31
2.1,-999.25,52.12,106.29
2.2,-999.25,80.9,106.28
2.3,-999.25,70.21,106.25
2.4,-999.25,71.36,106.29
2.5,-999.25,83.2,106.29
2.6,-999.25,69.88,106.3
2.7,-999.25,50.64,106.27
2.8,2.69,68.73,106.25
2.9,2.69,55.91,106.26
3,2.68,78.1,106.29
3.1,2.67,87.48,106.29
3.2,2.69,81.23,106.29
3.3,2.73,82.87,106.31
3.4,2.77,81.39,106.29
3.5,2.8,110.33,106.29
3.6,2.79,60.68,106.3
3.7,2.78,100.8,106.33
3.8,2.78,81.06,106.32
3.9,2.79,74.16,106.28
4,2.79,76.95,106.29
4.1,2.79,82.38,106.29
4.2,2.79,76.46,106.31
4.3,2.79,76.46,106.29
4.4,2.8,91.75,106.28
4.5,2.8,68.9,106.29
4.6,2.82,61.5,106.28
4.7,2.82,61.17,106.29
4.8,2.82,60.68,106.27
4.9,2.82,72.84,106.27
5,2.82,70.54,106.27
5.1,2.82,51.63,106.28
5.2,2.81,62.32,106.31
5.3,2.82,65.94,106.31
5.4,2.83,75.15,106.31
5.5,2.85,81.72,106.29
5.6,2.85,64.62,106.27
5.7,2.83,50.81,106.27
5.8,2.81,54.43,106.26
5.9,2.83,47.52,106.29
6,2.84,53.11,106.29
6.1,2.84,71.69,106.31
6.2,2.81,78.1,106.29
6.3,2.8,65.94,106.31
6.4,2.76,60.84,106.31
6.5,2.74,60.35,106.31
6.6,2.69,47.36,106.29
6.7,2.62,79.42,106.31
6.8,2.59,73.67,106.31
6.9,2.53,73.99,106.31
7,2.41,71.86,106.29
7.1,2.27,73.17,106.29
7.2,2.13,48.18,106.29
7.3,2.05,78.43,106.28
7.4,2.1,66.76,106.29
7.5,2.3,60.51,106.28
7.6,2.46,66.1,106.28
7.7,2.41,56.07,106.25
7.8,2.17,60.35,106.23
7.9,1.95,51.14,106.23
8,1.85,56.73,106.3
8.1,1.96,69.23,106.68
8.2,2.19,64.95,107.32
8.3,2.4,80.57,107.93
8.4,2.49,58.7,108.24
8.5,2.48,72.51,108.23
8.6,2.5,55.91,108.22
8.7,2.55,58.54,108.22
8.8,2.63,65.44,108.23
8.9,2.68,49.17,108.25
9,2.69,38.97,108.24
9.1,2.69,38.31,108.23
9.2,2.67,53.93,108.2
9.3,2.63,45.22,108.2
9.4,2.61,37.49,108.22
9.5,2.63,29.43,108.24
9.6,2.67,48.34,108.23
9.7,2.68,45.05,108.22
9.8,2.71,51.8,108.22
9.9,2.74,55.08,108.23
10,2.72,58.7,108.21
10.1,2.68,45.05,108.19
10.2,2.64,52.78,108.19
10.3,2.62,34.86,108.22
10.4,2.6,55.91,108.23
10.5,2.6,49.49,108.21
10.6,2.61,45.71,108.17
10.7,2.62,53.93,108.16
10.8,2.62,74.32,108.18
10.9,2.65,67.25,108.2
11,2.66,81.06,108.23
11.1,2.65,84.68,108.27
11.2,2.63,91.26,108.24
11.3,2.63,120.36,108.24
11.4,2.66,97.34,108.21
11.5,2.7,120.69,108.23
11.6,2.77,115.43,108.22
11.7,2.79,118.23,108.22
11.8,2.8,90.6,108.21
11.9,2.78,93.4,108.2
12,2.77,100.3,108.21
12.1,2.75,100.8,108.2
12.2,2.75,119.21,108.22
12.3,2.76,80.41,108.22
12.4,2.78,89.78,108.24
12.5,2.8,99.32,108.25
12.6,2.8,109.68,108.23
12.7,2.81,116.91,108.22
12.8,2.8,106.72,108.22
12.9,2.79,89.62,108.24
13,2.8,92.08,108.24
13.1,2.8,95.86,108.24
13.2,2.81,95.86,108.24
13.3,2.81,140.92,108.23
13.4,2.81,115.27,108.22
13.5,2.8,120.36,108.22
13.6,2.8,92.08,108.21
13.7,2.82,107.54,108.19
13.8,2.84,103.76,108.18
13.9,2.84,99.97,108.22
14,2.83,90.77,108.18
14.1,2.82,66.92,107.53
14.2,2.82,109.18,106.85
14.3,2.8,95.86,106.27
14.4,2.79,120.69,106.28
14.5,2.76,79.91,106.29
14.6,2.76,82.22,106.29
14.7,2.77,93.73,106.31
14.8,2.81,102.11,106.3
14.9,2.84,96.03,106.33
15,2.85,81.06,106.31
15.1,2.84,129.57,106.32
15.2,2.82,82.22,106.29
15.3,2.81,76.3,106.29
15.4,2.8,64.95,106.29
15.5,2.81,91.75,106.29
15.6,2.82,75.15,106.3
15.7,2.85,98.49,106.28
15.8,2.86,107.37,106.29
15.9,2.84,106.72,106.29
16,2.8,92.74,106.31
16.1,2.78,112.47,106.29
16.2,2.79,124.97,106.28
16.3,2.79,92.08,106.29
16.4,2.81,118.39,106.28
16.5,2.81,89.94,106.29
16.6,2.83,110.33,106.28
16.7,2.84,124.47,106.29
16.8,2.83,82.38,106.3
16.9,2.83,116.91,106.33
17,2.84,78.76,106.34
17.1,2.85,70.21,106.31
17.2,2.86,104.41,106.29
17.3,2.9,102.61,106.28
17.4,2.94,96.36,106.31
17.5,2.95,103.76,106.31
17.6,2.94,115.1,106.3
17.7,2.93,78.1,106.27
17.8,2.92,66.43,106.27
17.9,2.91,77.78,106.28
18,2.9,85.18,106.31
18.1,2.91,82.38,106.29
18.2,2.9,89.78,106.29
18.3,2.91,100.96,106.29
18.4,2.89,98.99,106.31
18.5,2.9,86.98,106.31
18.6,2.91,115.1,106.29
18.7,2.95,77.12,106.29
18.8,2.96,75.64,106.29
18.9,2.95,94.22,106.29
19,2.92,106.55,106.29
19.1,2.91,104.25,106.29
19.2,2.9,75.8,106.29
19.3,2.93,88.79,106.29
19.4,2.95,100.3,106.28
19.5,2.95,92.25,106.25
19.6,2.94,64.79,106.25
19.7,2.93,102.77,106.27
19.8,2.91,95.53,106.33
19.9,2.91,125.3,106.33
20,2.91,95.21,106.32
20.1,2.92,128.09,106.29
20.2,2.94,117.24,106.28
20.3,2.96,130.23,106.31
20.4,2.98,75.8,106.31
20.5,2.96,81.56,106.31
20.6,2.95,108.52,106.29
20.7,2.94,103.76,106.27
20.8,2.93,88.46,106.27
20.9,2.94,89.45,106.26
21,2.95,85.01,106.27
21.1,2.98,130.56,106.28
21.2,2.99,74.82,106.29
21.3,3,67.42,106.31
21.4,3,68.24,106.31
21.5,3,81.39,106.31
21.6,2.98,100.47,106.33
21.7,2.96,91.26,106.33
21.8,2.93,86.66,106.31
21.9,2.91,117.24,106.28
22,2.91,111.81,106.26
22.1,2.91,111.65,106.28
22.2,2.92,86.16,106.26
22.3,2.92,67.91,106.29
22.4,2.93,104.74,106.28
22.5,2.93,105.24,106.29
22.6,2.93,94.22,106.3
22.7,2.93,112.96,106.27
22.8,2.92,98.82,106.25
22.9,2.9,87.97,106.26
23,2.95,88.63,106.28
23.1,3.03,69.39,106.31
23.2,3.07,73.17,106.31
23.3,3.03,55.08,106.33
23.4,2.95,82.38,106.3
23.5,2.92,89.94,106.27
23.6,2.91,77.12,106.26
23.7,2.93,82.54,106.28
23.8,2.95,82.71,106.29
23.9,2.96,96.85,106.29
24,2.97,89.29,106.28
24.1,2.95,122.17,106.29
24.2,2.95,93.07,106.31
24.3,2.95,107.04,106.29
24.4,2.96,92.08,106.29
24.5,2.98,109.35,106.29
24.6,2.99,111.65,106.29
24.7,2.98,110.99,106.27
24.8,2.97,117.4,106.28
24.9,2.98,101.95,106.31
25,3,111.16,106.29
25.1,3.01,114.12,106.3
25.2,3.02,99.48,106.28
25.3,3.03,57.72,106.29
25.4,3.03,100.8,106.28
25.5,3.02,89.29,106.29
25.6,3.01,101.13,106.29
25.7,3.01,99.81,106.29
25.8,3,79.58,106.27
25.9,2.97,93.73,106.35
26,2.95,95.04,106.88
26.1,2.92,83.7,107.54
26.2,2.9,91.26,108.09
26.3,2.9,106.22,108.23
26.4,2.87,73.01,108.53
26.5,2.73,99.48,109.82
26.6,2.54,108.69,111.41
26.7,2.39,128.59,112.79
26.8,2.36,85.18,113.36
26.9,2.37,128.26,113.88
27,2.37,152.76,114.38
27.1,2.37,88.79,114.7
27.2,2.36,149.47,114.76
27.3,2.36,141.74,114.78
27.4,2.36,130.07,114.79
27.5,2.37,115.27,114.7
27.6,2.38,96.85,114.42
27.7,2.41,107.37,113.96
27.8,2.43,103.59,113.53
27.9,2.44,115.76,113.42
28,2.4,125.13,113.71
28.1,2.36,160.65,114.15
28.2,2.34,158.68,114.64
28.3,2.33,118.06,115.1
28.4,2.33,152.76,115.43
28.5,2.31,128.26,115.59
28.6,2.31,122.5,115.68
28.7,2.32,139.77,116.05
28.8,2.35,126.45,116.45
28.9,2.36,126.45,116.75
29,2.36,152.76,116.76
29.1,2.35,125.46,116.76
29.2,2.35,155.39,116.81
29.3,2.35,119.54,117.06
29.4,2.36,129.41,117.46
29.5,2.37,131.05,117.82
29.6,2.37,119.54,118.02
29.7,2.38,149.3,118.01
29.8,2.37,151.11,118.03
29.9,2.35,147.82,118.03
30,2.34,127.93,118.05
30.1,2.32,127.6,118.04
30.2,2.32,110.66,118.02
30.3,2.34,116.09,118.05
30.4,2.36,88.46,118.05
30.5,2.38,94.88,118.06
30.6,2.37,94.22,118.03
30.7,2.37,119.05,118.04
30.8,2.37,132.04,118.01
30.9,2.37,87.15,118.02
31,2.37,146.51,118.01
31.1,2.28,103.92,118.34
31.2,2.2,131.38,119.05
31.3,2.17,98.82,118.75
31.4,2.25,125.63,117.72
31.5,2.32,122.67,116.29
31.6,2.34,151.93,115.71
31.7,2.36,116.58,115.25
31.8,2.39,147.5,114.81
31.9,2.41,145.36,114.48
32,2.4,139.6,114.44
32.1,2.37,129.24,114.3
32.2,2.35,138.62,114.03
32.3,2.35,138.12,113.76
32.4,2.37,104.58,113.57
32.5,2.39,100.8,113.6
32.6,2.4,128.09,113.78
32.7,2.4,129.24,114.09
32.8,2.39,132.2,114.35
32.9,2.4,142.56,114.37
33,2.41,156.37,113.96
33.1,2.42,93.4,113.57
33.2,2.42,130.23,113.24
33.3,2.41,122.83,113.07
33.4,2.41,112.8,112.69
33.5,2.43,105.4,112.27
33.6,2.44,106.06,111.75
33.7,2.43,107.21,111.36
33.8,2.41,146.51,111.01
33.9,2.38,112.8,110.9
34,2.36,99.97,110.85
34.1,2.34,93.73,110.66
34.2,2.34,145.85,110.25
34.3,2.37,145.36,109.89
34.4,2.38,168.54,109.7
34.5,2.38,145.85,109.7
34.6,2.38,148.81,109.69
34.7,2.38,119.38,109.68
34.8,2.4,106.55,109.69
34.9,2.41,106.88,109.68
35,2.42,110.83,109.62
35.1,2.41,117.9,109.32
35.2,2.41,84.35,108.88
35.3,2.4,104.58,108.18
35.4,2.39,80.08,107.32
35.5,2.4,96.85,106.63
35.6,2.41,76.3,106.24
35.7,2.43,95.86,106.25
35.8,2.44,103.1,106.26
35.9,2.43,106.22,106.29
36,2.44,93.4,106.39
36.1,2.43,100.14,106.81
36.2,2.43,110.17,107.44
36.3,2.41,111.48,108.04
36.4,2.4,130.23,108.33
36.5,2.4,119.05,108.41
36.6,2.41,135,108.45
36.7,2.41,130.56,108.46
36.8,2.42,128.09,108.46
36.9,2.42,113.13,108.43
37,2.43,102.61,108.43
37.1,2.42,137.46,108.42
37.2,2.43,140.75,108.44
37.3,2.43,83.7,108.45
37.4,2.45,104.41,108.45
37.5,2.44,115.27,108.44
37.6,2.43,141.58,108.38
37.7,2.43,143.55,108.3
37.8,2.46,123.82,108.27
37.9,2.47,107.7,108.33
38,2.43,109.35,108.41
38.1,2.42,137.63,108.43
38.2,2.42,116.09,108.35
38.3,2.42,113.79,108.33
38.4,2.4,79.91,108.36
38.5,2.38,145.52,108.43
38.6,2.37,143.06,108.43
38.7,2.37,127.76,108.41
38.8,2.38,141.58,108.42
38.9,2.41,128.59,108.47
39,2.42,143.22,108.48
39.1,2.41,148.48,108.46
39.2,2.4,113.62,108.53
39.3,2.4,146.02,108.68
39.4,2.4,126.28,108.97
39.5,2.39,104.09,109.28
39.6,2.38,140.42,109.56
39.7,2.39,140.26,109.68
39.8,2.41,95.37,109.69
39.9,2.42,134.01,109.57
40,2.42,111.81,109.17
40.1,2.43,102.11,108.74
40.2,2.43,112.47,108.45
40.3,2.42,145.69,108.44
40.4,2.41,113.79,108.45
40.5,2.41,134.67,108.45
40.6,2.41,114.94,108.45
40.7,2.4,156.54,108.45
40.8,2.4,129.74,108.46
40.9,2.4,125.13,108.47
41,2.41,131.22,108.45
41.1,2.41,163.61,108.45
41.2,2.42,133.68,108.43
41.3,2.42,146.02,108.39
41.4,2.42,146.18,108.09
41.5,2.43,162.29,107.37
41.6,2.43,128.75,106.7
41.7,2.42,142.07,106.27
41.8,2.41,140.1,106.38
41.9,2.4,144.86,106.93
42,2.41,137.96,107.57
42.1,2.41,138.94,108.08
42.2,2.43,120.69,108.16
42.3,2.43,100.96,108.15
42.4,2.44,120.53,108.19
42.5,2.44,103.1,108.22
42.6,2.44,146.18,108.23
42.7,2.44,127.27,108.19
42.8,2.44,137.46,108.16
42.9,2.44,121.35,108.18
43,2.44,98.66,108.2
43.1,2.45,143.88,108.21
43.2,2.44,141.25,108.18
43.3,2.43,182.68,108.18
43.4,2.43,121.84,108.18
43.5,2.42,158.51,108.2
43.6,2.42,153.91,108.21
43.7,2.42,145.85,108.2
43.8,2.43,110.83,108.19
43.9,2.43,145.52,108.18
44,2.43,113.29,108.2
44.1,2.42,130.39,108.21
44.2,2.44,137.63,108.19
44.3,2.44,118.39,108.18
44.4,2.45,147.66,108.18
44.5,2.44,148.15,108.2
44.6,2.45,96.19,108.2
44.7,2.45,142.23,108.19
44.8,2.46,97.51,108.19
44.9,2.45,136.97,108.21
45,2.45,123.65,108.2
45.1,2.44,145.69,108.22
45.2,2.45,134.67,108.22
45.3,2.44,144.04,108.21
45.4,2.44,110.83,108.19
45.5,2.43,118.06,108.16
45.6,2.43,141.9,108.18
45.7,2.43,126.12,108.2
45.8,2.42,116.75,108.21
45.9,2.43,146.02,108.2
46,2.44,117.24,108.22
46.1,2.43,140.92,108.21
46.2,2.43,142.4,108.17
46.3,2.42,137.3,108.16
46.4,2.43,137.14,108.19
46.5,2.43,156.54,108.15
46.6,2.43,127.43,107.69
46.7,2.42,140.59,107.02
46.8,2.42,117.73,106.43
46.9,2.42,147.82,106.22
47,2.43,191.89,106.18
47.1,2.44,134.18,106.12
47.2,2.43,122.67,106.05
47.3,2.42,123.49,106
47.4,2.4,92.08,106
47.5,2.43,138.45,106.01
47.6,2.48,137.46,106
47.7,2.5,99.81,105.99
47.8,2.47,129.9,105.98
47.9,2.43,131.55,105.96
48,2.42,122.83,105.96
48.1,2.4,111.98,105.99
48.2,2.39,122.17,106.01
48.3,2.42,145.85,106
48.4,2.43,142.89,106.01
48.5,2.41,151.11,106.05
48.6,2.39,144.37,106.13
48.7,2.4,120.53,106.19
48.8,2.42,102.11,106.24
48.9,2.42,126.12,106.25
49,2.41,128.75,106.25
49.1,2.41,125.63,106.23
49.2,2.42,120.86,106.12
49.3,2.42,105.07,106.04
49.4,2.42,98.49,105.95
49.5,2.41,139.11,105.91
49.6,2.4,126.94,105.86
49.7,2.39,140.42,105.76
49.8,2.38,112.14,105.6
49.9,2.4,152.1,105.27
50,2.42,153.58,104.96
50.1,2.44,151.28,104.76
50.2,2.45,104.58,104.74
50.3,2.48,118.72,104.77
50.4,2.5,109.35,104.77
50.5,2.48,111.48,104.77
50.6,2.44,113.13,104.83
50.7,2.41,116.09,105.2
50.8,2.44,123.49,105.69
50.9,2.47,102.44,106.53
51,2.49,97.18,107.21
51.1,2.48,131.71,107.39
51.2,2.46,150.62,107.04
51.3,2.46,142.56,107.11
51.4,2.43,123.16,107.44
51.5,2.42,120.86,107.3
51.6,2.42,134.5,106.5
51.7,2.44,133.85,105.69
51.8,2.44,134.01,105.31
51.9,2.44,133.52,105.01
52,2.44,127.6,104.88
52.1,2.44,107.7,104.85
52.2,2.44,98.66,104.85
52.3,2.43,116.25,104.83
52.4,2.42,128.75,104.83
52.5,2.42,143.22,104.81
52.6,2.43,178.24,104.79
52.7,2.43,120.86,104.79
52.8,2.43,136.31,104.79
52.9,2.44,162.62,104.85
53,2.45,157.69,104.87
53.1,2.45,97.84,104.89
53.2,2.43,169.04,104.86
53.3,2.42,116.25,104.83
53.4,2.44,150.29,104.85
53.5,2.44,116.09,104.87
53.6,2.45,123.32,104.99
53.7,2.45,117.4,105.31
53.8,2.45,107.54,105.68
53.9,2.46,101.29,105.96
54,2.47,104.74,106.01
54.1,2.47,112.96,106
54.2,2.47,100.96,106.01
54.3,2.46,108.36,106
54.4,2.47,91.26,105.99
54.5,2.47,116.75,105.96
54.6,2.47,109.35,105.92
54.7,2.46,99.32,105.83
54.8,2.46,139.11,105.76
54.9,2.46,126.45,105.67
55,2.47,147.82,105.39
55.1,2.48,140.59,105.1
55.2,2.49,129.24,104.82
55.3,2.49,146.67,104.78
55.4,2.48,117.4,104.76
55.5,2.48,143.88,104.77
55.6,2.48,136.97,104.76
55.7,2.47,143.71,104.8
55.8,2.46,155.88,104.76
55.9,2.44,159.33,104.8
56,2.43,122.01,104.76
56.1,2.43,136.81,104.78
56.2,2.43,176.11,104.75
56.3,2.43,129.57,104.79
56.4,2.46,146.84,104.77
56.5,2.47,110.83,104.76
56.6,2.48,123.32,104.74
56.7,2.47,130.07,104.76
56.8,2.47,101.78,104.78
56.9,2.47,125.3,104.79
57,2.47,106.22,104.77
57.1,2.47,108.69,104.75
57.2,2.44,126.94,104.75
57.3,2.4,116.75,104.76
57.4,2.39,104.74,104.79
57.5,2.41,125.79,104.78
57.6,2.45,148.32,104.78
57.7,2.45,90.6,104.71
57.8,2.45,109.02,104.73
57.9,2.44,121.51,104.83
58,2.43,108.03,105.08
58.1,2.44,156.7,105.05
58.2,2.45,95.86,104.96
58.3,2.46,153.25,104.78
58.4,2.46,99.81,104.79
58.5,2.45,97.84,104.77
58.6,2.43,129.08,104.77
58.7,2.43,115.76,104.76
58.8,2.44,134.01,104.79
58.9,2.46,93.56,104.78
59,2.47,151.93,104.8
59.1,2.46,167.72,104.76
59.2,2.44,124.15,104.77
59.3,2.44,127.43,104.76
59.4,2.44,114.28,104.77
59.5,2.44,125.63,104.77
59.6,2.43,130.07,104.77
59.7,2.43,146.18,104.77
59.8,2.43,108.85,104.77
59.9,2.45,114.94,104.77
60,2.47,134.34,104.77
60.1,2.48,124.31,104.77
60.2,2.47,136.97,104.77
60.3,2.47,128.75,104.77
60.4,2.46,144.21,104.78
60.5,2.47,115.92,104.8
60.6,2.48,135.66,104.81
60.7,2.49,136.97,104.79
60.8,2.49,129.74,104.87
60.9,2.49,108.2,105.36
61,2.48,130.56,106.32
61.1,2.48,112.31,107.06
61.2,2.47,105.57,106.99
61.3,2.47,116.75,106.43
61.4,2.48,103.43,105.91
61.5,2.49,111.48,105.55
61.6,2.49,102.28,105.15
61.7,2.48,122.67,104.83
61.8,2.48,108.03,104.75
61.9,2.48,119.87,104.73
62,2.48,135.16,104.74
62.1,2.49,115.76,104.76
62.2,2.48,110.99,104.78
62.3,2.48,102.61,104.75
62.4,2.46,104.91,104.75
62.5,2.47,134.5,104.75
62.6,2.46,132.86,104.76
62.7,2.46,87.81,104.76
62.8,2.45,141.9,104.75
62.9,2.44,150.95,104.78
63,2.43,153.41,104.76
63.1,2.43,136.81,104.77
63.2,2.44,111.98,104.77
63.3,2.46,149.14,104.77
63.4,2.47,126.12,104.77
63.5,2.46,100.96,104.74
63.6,2.45,109.02,104.62
63.7,2.45,105.07,104.24
63.8,2.47,114.28,103.85
63.9,2.47,107.21,103.52
64,2.46,94.05,103.24
64.1,2.43,110.66,102.86
64.2,2.44,97.51,102.46
64.3,2.49,72.35,102.29
64.4,2.56,90.6,102.27
64.5,2.6,76.13,102.32
64.6,2.59,103.59,102.36
64.7,2.58,90.93,102.67
64.8,2.55,106.88,103.32
64.9,2.52,109.84,104.11
65,2.47,130.39,104.63
65.1,2.44,75.15,104.77
65.2,2.41,99.65,104.77
65.3,2.43,100.63,104.76
65.4,2.43,132.7,104.77
65.5,2.45,100.47,104.76
65.6,2.42,127.43,104.85
65.7,2.39,91.1,105.22
65.8,2.37,118.06,105.52
65.9,2.38,87.48,105.75
66,2.42,82.54,105.7
66.1,2.44,106.06,105.72
66.2,2.44,110.83,105.71
66.3,2.43,123.65,105.74
66.4,2.43,94.71,105.73
66.5,2.44,68.57,105.71
66.6,2.45,99.97,105.43
66.7,2.45,88.63,105.11
66.8,2.45,107.04,104.75
66.9,2.45,88.14,104.34
67,2.45,124.97,104.05
67.1,2.44,98.82,103.79
67.2,2.44,91.59,103.81
67.3,2.46,141.58,103.76
67.4,2.47,124.97,103.74
67.5,2.46,145.19,103.75
67.6,2.44,130.56,103.78
67.7,2.43,156.37,103.77
67.8,2.43,149.8,103.74
67.9,2.44,147.33,103.76
68,2.47,128.42,103.76
68.1,2.47,126.61,103.77
68.2,2.49,143.38,103.71
68.3,2.49,117.9,103.68
68.4,2.5,150.45,103.64
68.5,2.5,164.6,103.62
68.6,2.49,113.79,103.62
68.7,2.48,131.22,103.59
68.8,2.46,97.34,103.61
68.9,2.46,86.82,103.64
69,2.46,119.38,103.68
69.1,2.46,122.5,103.72
69.2,2.47,94.22,103.94
69.3,2.47,114.28,104.28
69.4,2.47,132.7,104.59
69.5,2.44,120.2,104.69
69.6,2.43,117.08,104.44
69.7,2.42,103.43,104.03
69.8,2.44,131.38,103.67
69.9,2.45,91.42,103.53
70,2.46,123.98,103.51
70.1,2.45,104.25,103.35
70.2,2.43,80.08,102.96
70.3,2.41,84.19,102.57
70.4,2.42,111.81,102.3
70.5,2.45,142.56,102.31
70.6,2.47,139.44,102.27
70.7,2.46,117.4,102.3
70.8,2.45,127.93,102.52
70.9,2.49,124.31,103.2
71,2.52,121.02,103.97
71.1,2.52,85.01,104.4
71.2,2.49,131.87,104.28
71.3,2.46,104.58,104.29
71.4,2.44,147,104.45
71.5,2.42,125.79,104.69
71.6,2.41,148.97,104.44
71.7,2.41,150.29,104.03
71.8,2.43,125.95,103.66
71.9,2.44,115.76,103.48
72,2.46,93.23,103.46
72.1,2.47,105.07,103.67
72.2,2.47,118.06,104.12
72.3,2.48,127.93,104.53
72.4,2.47,112.14,104.75
72.5,2.47,107.7,104.66
72.6,2.48,110,104.3
72.7,2.48,126.12,103.9
72.8,2.49,118.56,103.58
72.9,2.49,104.09,103.55
73,2.48,134.01,103.56
73.1,2.47,151.11,103.54
73.2,2.48,124.31,103.52
73.3,2.51,108.2,103.51
73.4,2.52,111.98,103.54
73.5,2.5,113.79,103.53
73.6,2.49,111.32,103.52
73.7,2.47,120.53,103.51
73.8,2.46,133.19,103.51
73.9,2.45,114.61,103.51
74,2.43,109.68,103.51
74.1,2.43,164.1,103.53
74.2,2.42,125.3,103.53
74.3,2.43,125.3,103.54
74.4,2.45,96.52,103.53
74.5,2.46,136.64,103.53
74.6,2.47,115.27,103.53
74.7,2.47,88.14,103.55
74.8,2.47,105.73,103.54
74.9,2.46,132.53,103.54
75,2.46,166.57,103.6
75.1,2.46,131.05,103.74
75.2,2.47,172.32,104.04
75.3,2.47,126.12,103.97
75.4,2.48,108.69,103.82
75.5,2.48,161.47,103.51
75.6,2.49,123.65,103.53
75.7,2.49,112.8,103.7
75.8,2.48,133.68,104.12
75.9,2.47,112.31,104.52
76,2.46,141.58,104.71
76.1,2.45,135.16,104.48
76.2,2.44,118.23,104.1
76.3,2.45,123.65,103.81
76.4,2.46,95.53,103.75
76.5,2.47,108.52,104.02
76.6,2.47,150.45,104.35
76.7,2.48,115.76,104.64
76.8,2.48,116.91,104.74
76.9,2.49,125.46,104.77
77,2.49,143.55,104.74
77.1,2.49,137.46,104.54
77.2,2.49,154.73,104.18
77.3,2.48,123.32,103.86
77.4,2.48,88.79,103.7
77.5,2.49,118.56,103.71
77.6,2.5,137.79,103.71
77.7,2.49,126.61,103.66
77.8,2.49,144.37,103.58
77.9,2.49,130.23,103.54
78,2.49,100.96,103.51
78.1,2.49,115.1,103.54
78.2,2.48,93.89,103.53
78.3,2.47,130.89,103.56
78.4,2.44,119.21,103.54
78.5,2.42,138.78,103.5
78.6,2.43,103.76,103.5
78.7,2.46,148.32,103.53
78.8,2.49,116.25,103.53
78.9,2.5,123.65,103.54
79,2.5,157.69,103.53
79.1,2.48,127.11,103.53
79.2,2.48,107.37,103.52
79.3,2.47,75.31,103.51
79.4,2.47,91.92,103.52
79.5,2.48,112.31,103.51
79.6,2.49,107.87,103.55
79.7,2.49,137.46,103.55
79.8,2.49,138.94,103.54
79.9,2.48,117.9,103.51
80,2.49,114.12,103.51
80.1,2.52,130.89,103.55
80.2,2.52,111.48,103.55
80.3,2.52,142.4,103.54
80.4,2.5,83.7,103.49
80.5,2.5,133.52,103.51
80.6,2.49,105.57,103.51
80.7,2.46,96.36,103.53
80.8,2.44,102.93,103.53
80.9,2.42,107.04,103.52
81,2.44,112.14,103.51
81.1,2.46,104.74,103.51
81.2,2.49,122.67,103.53
81.3,2.49,135.82,103.56
81.4,2.49,111.16,103.55
81.5,2.47,128.59,103.54
81.6,2.46,109.35,103.5
81.7,2.45,112.31,103.53
81.8,2.46,116.91,103.53
81.9,2.48,110.17,103.54
82,2.48,119.05,103.53
82.1,2.48,119.71,103.52
82.2,2.47,137.46,103.51
82.3,2.48,137.79,103.52
82.4,2.5,110.83,103.5
82.5,2.5,91.42,103.53
82.6,2.5,100.3,103.53
82.7,2.49,134.83,103.54
82.8,2.47,106.06,103.53
82.9,2.45,125.13,103.52
83,2.44,141.58,103.51
83.1,2.46,134.18,103.51
83.2,2.49,141.74,103.51
83.3,2.5,138.62,103.51
83.4,2.5,91.75,103.5
83.5,2.5,134.67,103.47
83.6,2.48,131.87,103.48
83.7,2.46,125.13,103.5
83.8,2.45,166.57,103.49
83.9,2.44,126.61,103.5
84,2.48,157.69,103.5
84.1,2.52,123.16,103.53
84.2,2.53,109.68,103.54
84.3,2.51,125.46,103.51
84.4,2.48,129.41,103.52
84.5,2.46,141.25,103.51
84.6,2.46,116.42,103.58
84.7,2.49,135.16,103.88
84.8,2.51,124.8,104.29
84.9,2.51,142.07,104.56
85,2.49,110.83,104.28
85.1,2.47,137.14,103.94
85.2,2.46,173.8,103.7
85.3,2.46,155.22,103.66
85.4,2.48,119.71,103.57
85.5,2.49,115.43,103.5
85.6,2.5,112.96,103.49
85.7,2.51,119.71,103.51
85.8,2.5,145.36,103.51
85.9,2.5,117.9,103.51
86,2.48,135.16,103.52
86.1,2.46,99.65,103.51
86.2,2.46,115.1,103.52
86.3,2.46,114.77,103.51
86.4,2.47,93.73,103.51
86.5,2.48,110.5,103.53
86.6,2.49,122.83,103.54
86.7,2.49,119.71,103.51
86.8,2.48,97.51,103.5
86.9,2.48,104.91,103.51
87,2.48,129.41,103.72
87.1,2.48,125.95,104.21
87.2,2.48,120.36,104.62
87.3,2.47,152.59,104.84
87.4,2.47,139.93,104.74
87.5,2.48,159.66,104.75
87.6,2.5,125.63,104.76
87.7,2.51,127.93,104.76
87.8,2.51,112.96,104.73
87.9,2.5,153.09,104.73
88,2.49,128.59,104.73
88.1,2.49,156.37,104.74
88.2,2.49,153.09,104.75
88.3,2.48,158.68,104.74
88.4,2.47,134.5,104.77
88.5,2.47,146.84,104.75
88.6,2.48,136.15,104.75
88.7,2.47,126.78,104.73
88.8,2.45,163.61,104.73
88.9,2.42,199.29,104.73
89,2.42,179.72,104.61
89.1,2.44,179.07,104.19
89.2,2.48,128.59,103.8
89.3,2.51,157.2,103.51
89.4,2.51,158.35,103.5
89.5,2.5,152.43,103.31
89.6,2.5,110.5,102.98
89.7,2.5,143.38,102.7
89.8,2.5,129.41,102.55
89.9,2.49,125.95,102.53
90,2.47,174.13,102.59
90.1,2.46,157.53,102.87
90.2,2.47,133.68,103.2
90.3,2.49,150.13,103.51
90.4,2.51,151.28,103.64
90.5,2.51,127.6,103.68
90.6,2.51,141.41,103.64
90.7,2.52,135.49,103.56
90.8,2.51,98.33,103.55
90.9,2.5,127.6,103.63
91,2.5,144.54,103.87
91.1,2.51,136.48,104.24
91.2,2.49,140.26,104.58
91.3,2.47,151.44,104.73
91.4,2.48,178.9,104.71
91.5,2.49,132.37,104.71
91.6,2.49,126.28,104.73
91.7,2.48,111.65,104.76
91.8,2.48,142.73,104.72
91.9,2.49,176.6,104.75
92,2.49,163.44,104.72
92.1,2.48,111.98,104.75
92.2,2.46,142.4,104.75
92.3,2.43,138.12,104.75
92.4,2.42,180.71,104.74
92.5,2.44,175.12,104.75
92.6,2.46,180.22,104.73
92.7,2.48,148.65,104.7
92.8,2.48,138.45,104.48
92.9,2.48,143.88,104.16
93,2.49,142.4,103.87
93.1,2.5,151.61,103.74
93.2,2.5,147.17,103.74
93.3,2.48,188.6,103.77
93.4,2.48,128.26,104.02
93.5,2.48,138.12,104.36
93.6,2.5,115.27,104.67
93.7,2.5,140.1,104.73
93.8,2.5,134.83,104.73
93.9,2.49,140.75,104.73
94,2.49,129.24,104.71
94.1,2.48,144.7,104.54
94.2,2.48,102.77,104.21
94.3,2.49,145.19,103.84
94.4,2.5,102.77,103.59
94.5,2.51,135.66,103.52
94.6,2.52,133.19,103.49
94.7,2.52,136.48,103.51
94.8,2.51,113.46,103.51
94.9,2.51,109.02,103.51
95,2.49,135.16,103.52
95.1,2.47,127.27,103.48
95.2,2.45,86.49,103.5
95.3,2.47,156.21,103.5
95.4,2.48,125.79,103.53
95.5,2.48,110.33,103.53
95.6,2.47,151.77,103.54
95.7,2.45,145.85,103.51
95.8,2.44,169.04,103.51
95.9,2.46,143.55,103.53
96,2.49,143.22,103.55
96.1,2.52,139.6,103.54
96.2,2.52,128.09,103.53
96.3,2.51,130.23,103.53
96.4,2.48,145.85,103.52
96.5,2.49,146.18,103.5
96.6,2.49,178.24,103.54
96.7,2.5,102.44,103.69
96.8,2.49,168.05,104.12
96.9,2.48,120.03,104.46
97,2.48,159.33,104.71
97.1,2.5,137.46,104.71
97.2,2.52,107.37,104.78
97.3,2.52,145.52,105.05
97.4,2.51,109.51,105.95
97.5,2.51,151.93,107.14
97.6,2.51,136.48,108.1
97.7,2.54,151.93,108.44
97.8,2.54,110.33,108.37
97.9,2.54,103.76,108.08
98,2.5,144.04,107.02
98.1,2.42,135.82,105.99
98.2,2.31,139.27,105.73
98.3,2.25,115.76,106.17
98.4,2.25,138.62,106.1
98.5,2.29,168.71,104.53
98.6,2.32,146.51,102.79
98.7,2.35,127.27,101.53
98.8,2.38,125.13,101.26
98.9,2.42,164.76,101.26
99,2.46,144.7,101.55
99.1,2.49,156.05,101.58
99.2,2.5,167.06,101.57
99.3,2.52,118.06,101.59
99.4,2.49,129.41,101.94
99.5,2.48,161.47,102.34
99.6,2.47,146.51,102.82
99.7,2.49,148.65,103.2
99.8,2.49,130.89,103.53
99.9,2.5,156.87,103.52
100,2.49,120.36,103.56
100.1,2.48,187.95,104.14
100.2,2.46,167.06,105.14
100.3,2.46,160.32,105.82
100.4,2.44,171.83,105.46
100.5,2.44,141.25,104.45
100.6,2.43,158.18,103.72
100.7,2.44,166.73,103.5
100.8,2.44,154.4,103.53
100.9,2.45,145.36,103.53
101,2.47,161.97,103.54
101.1,2.48,124.97,103.49
101.2,2.5,132.2,103.49
101.3,2.49,131.87,103.51
101.4,2.47,138.45,103.48
101.5,2.42,166.24,103.2
101.6,2.38,160.32,102.84
101.7,2.36,162.62,102.55
101.8,2.37,166.24,102.47
101.9,2.39,135.16,102.46
102,2.44,160.49,102.5
102.1,2.48,142.89,102.53
102.2,2.5,156.7,102.74
102.3,2.49,157.69,103.03
102.4,2.49,128.26,103.35
102.5,2.5,170.35,103.52
102.6,2.52,147.33,103.59
102.7,2.51,131.22,103.7
102.8,2.5,166.73,104.02
102.9,2.49,164.76,104.06
103,2.5,149.96,104.04
103.1,2.52,122.01,103.96
103.2,2.53,127.76,104.3
103.3,2.53,163.77,104.61
103.4,2.51,124.97,104.73
103.5,2.51,139.77,104.71
103.6,2.52,114.77,104.63
103.7,2.55,126.28,104.29
103.8,2.54,122.17,103.9
103.9,2.53,140.42,103.57
104,2.52,111.16,103.52
104.1,2.51,127.43,103.51
104.2,2.52,118.23,103.55
104.3,2.53,130.23,103.67
104.4,2.53,134.18,103.91
104.5,2.53,111.16,104.28
104.6,2.51,124.15,104.46
104.7,2.51,160.98,104.21
104.8,2.5,90.6,103.8
104.9,2.51,141.41,103.5
105,2.51,102.61,103.52
105.1,2.51,115.76,103.51
105.2,2.47,121.84,103.5
105.3,2.42,127.43,103.49
105.4,2.42,161.64,103.49
105.5,2.44,165.25,103.49
105.6,2.46,139.11,103.5
105.7,2.46,125.3,103.53
105.8,2.47,116.75,103.53
105.9,2.48,155.39,103.54
106,2.49,133.52,103.51
106.1,2.5,139.44,103.53
106.2,2.51,145.03,103.63
106.3,2.53,126.28,103.93
106.4,2.54,163.77,104.12
106.5,2.54,161.14,104.26
106.6,2.5,163.77,104.36
106.7,2.47,139.11,104.55
106.8,2.43,123.82,104.69
106.9,2.41,115.27,104.66
107,2.4,95.04,104.68
107.1,2.42,136.48,104.7
107.2,2.44,126.94,104.63
107.3,2.47,138.29,104.22
107.4,2.48,125.95,103.8
107.5,2.5,116.42,103.51
107.6,2.48,162.79,103.53
107.7,2.48,143.71,103.52
107.8,2.48,122.83,103.5
107.9,2.5,124.47,103.49
108,2.52,90.77,103.49
108.1,2.52,88.46,103.51
108.2,2.51,134.01,103.48
108.3,2.5,98.99,103.33
108.4,2.49,109.68,102.99
108.5,2.49,111.65,102.68
108.6,2.51,81.89,102.59
108.7,2.52,98,102.81
108.8,2.54,100.8,103.12
108.9,2.54,127.11,103.38
109,2.53,100.14,103.49
109.1,2.51,120.86,103.51
109.2,2.48,106.72,103.51
109.3,2.45,126.94,103.52
109.4,2.44,133.52,103.51
109.5,2.45,135.98,103.52
109.6,2.48,122.17,103.48
109.7,2.51,153.58,103.5
109.8,2.53,135,103.48
109.9,2.54,137.96,103.51
110,2.53,134.5,103.51
110.1,2.52,122.34,103.54
110.2,2.52,128.91,103.52
110.3,2.53,144.37,103.5
110.4,2.52,123.49,103.49
110.5,2.51,126.78,103.49
110.6,2.49,138.29,103.5
110.7,2.47,113.79,103.5
110.8,2.47,89.78,103.53
110.9,2.5,125.13,103.53
111,2.53,147.17,103.56
111.1,2.55,135.33,103.54
111.2,2.52,121.02,103.5
111.3,2.48,121.02,103.49
111.4,2.46,126.28,103.5
111.5,2.47,129.9,103.55
111.6,2.49,139.44,103.66
111.7,2.5,157.03,103.66
111.8,2.49,107.37,103.63
111.9,2.47,144.86,103.49
112,2.47,111.81,103.49
112.1,2.46,136.15,103.49
112.2,2.47,122.99,103.51
112.3,2.47,166.4,103.54
112.4,2.48,153.91,103.63
112.5,2.48,153.91,103.91
112.6,2.47,101.45,104.29
112.7,2.48,125.13,104.59
112.8,2.51,137.96,104.74
112.9,2.53,133.03,104.87
113,2.54,163.12,105.03
113.1,2.52,134.5,105.25
113.2,2.5,150.29,105.14
113.3,2.5,129.74,104.97
113.4,2.5,131.22,104.57
113.5,2.49,128.09,104.12
113.6,2.48,135,103.72
113.7,2.46,115.92,103.47
113.8,2.47,146.02,103.49
113.9,2.48,126.78,103.49
114,2.51,120.36,103.5
114.1,2.49,154.73,103.48
114.2,2.48,184.33,103.5
114.3,2.47,164.76,103.5
114.4,2.48,136.64,103.63
114.5,2.5,159.83,103.97
114.6,2.51,175.45,103.95
114.7,2.51,155.72,103.87
114.8,2.5,104.09,103.51
114.9,2.49,125.13,103.52
115,2.49,106.06,103.55
115.1,2.49,130.23,103.82
115.2,2.49,160.65,104.19
115.3,2.51,107.21,104.38
115.4,2.54,112.96,103.94
115.5,2.55,125.95,103.34
115.6,2.54,114.28,103.11
115.7,2.5,125.63,103.27
115.8,2.48,155.72,103.51
115.9,2.47,138.94,103.51
116,2.49,166.24,103.54
116.1,2.49,110.99,103.53
116.2,2.5,146.02,103.52
116.3,2.5,149.63,103.47
116.4,2.51,105.4,103.33
116.5,2.5,143.55,102.89
116.6,2.48,120.69,102.31
116.7,2.46,107.21,101.69
116.8,2.43,152.59,101.35
116.9,2.4,139.77,101.22
117,2.38,169.69,101.17
117.1,2.39,105.89,101.21
117.2,2.4,147.5,101.23
117.3,2.45,152.26,101.61
117.4,2.5,125.46,102.35
117.5,2.52,147.66,103.07
117.6,2.51,158.35,103.52
117.7,2.5,132.04,103.57
117.8,2.48,174.13,103.88
117.9,2.48,122.99,104.17
118,2.49,160.65,104.2
118.1,2.49,127.27,103.98
118.2,2.49,163.77,103.75
118.3,2.48,110.33,103.76
118.4,2.49,110.5,103.98
118.5,2.5,144.54,104.29
118.6,2.5,120.86,104.47
118.7,2.49,153.09,104.03
118.8,2.49,98,103.22
118.9,2.49,115.92,102.55
119,2.49,108.69,102.28
119.1,2.48,98.33,102.27
119.2,2.47,110.33,102.31
119.3,2.47,136.97,102.37
119.4,2.49,152.1,102.39
119.5,2.5,106.72,102.41
119.6,2.51,105.24,102.7
119.7,2.49,138.62,102.93
119.8,2.48,124.15,102.91
119.9,2.47,94.88,102.63
120,2.47,101.45,102.44
120.1,2.47,122.5,102.43
120.2,2.48,136.48,102.39
120.3,2.49,139.77,102.38
120.4,2.5,122.17,102.38
120.5,2.48,121.51,102.4
120.6,2.48,172.16,102.47
120.7,2.49,164.6,102.78
120.8,2.51,148.48,103.16
120.9,2.51,158.35,103.56
121,2.5,124.31,103.68
121.1,2.49,115.92,103.65
121.2,2.5,139.11,103.43
121.3,2.51,111.98,103.12
121.4,2.51,151.93,103.15
121.5,2.5,126.12,103.27
121.6,2.49,134.18,103.54
121.7,2.48,124.8,103.59
121.8,2.5,147.66,103.58
121.9,2.51,129.57,103.53
122,2.51,154.4,103.31
122.1,2.51,155.22,102.92
122.2,2.52,154.07,102.55
122.3,2.53,122.01,102.05
122.4,2.52,151.28,101.63
122.5,2.49,133.19,101.22
122.6,2.44,148.48,101.05
122.7,2.42,132.37,101.04
122.8,2.43,157.53,101.05
122.9,2.46,128.09,101.27
123,2.49,137.63,101.91
123.1,2.5,131.05,102.71
123.2,2.5,127.11,103.33
123.3,2.49,156.37,103.51
123.4,2.49,144.21,103.51
123.5,2.48,137.3,103.53
123.6,2.51,133.52,103.68
123.7,2.52,132.53,104.09
123.8,2.53,139.44,104.46
123.9,2.53,152.1,104.71
124,2.52,127.11,104.69
124.1,2.51,156.05,104.53
124.2,2.52,110.17,104.21
124.3,2.52,135.16,103.98
124.4,2.52,125.79,104.07
124.5,2.51,154.24,104.39
124.6,2.49,131.22,104.7
124.7,2.49,127.93,105.04
124.8,2.5,148.65,105.18
124.9,2.49,153.74,104.34
125,2.43,135,103.24
125.1,2.39,115.43,102.31
125.2,2.36,95.21,102.28
125.3,2.38,149.3,102.26
125.4,2.4,101.45,102.26
125.5,2.43,147.82,102.25
125.6,2.45,135.33,102.28
125.7,2.45,144.86,102.27
125.8,2.46,120.03,102.3
125.9,2.47,125.95,102.35
126,2.48,135.82,102.53
126.1,2.49,145.36,102.9
126.2,2.52,124.64,103.31
126.3,2.52,125.63,103.6
126.4,2.51,136.64,103.6
126.5,2.49,114.94,103.62
126.6,2.49,138.45,103.94
126.7,2.48,133.19,104.32
126.8,2.48,121.02,104.47
126.9,2.49,137.63,104.49
127,2.51,95.21,104.51
127.1,2.54,132.86,104.69
127.2,2.54,118.39,104.65
127.3,2.54,119.54,104.39
127.4,2.53,118.23,104.01
127.5,2.54,125.63,103.64
127.6,2.52,141.9,103.52
127.7,2.5,138.94,103.5
127.8,2.49,117.57,103.53
127.9,2.49,138.78,103.39
128,2.51,130.89,102.98
128.1,2.54,92.57,102.56
128.2,2.58,100.3,102.34
128.3,2.59,111.16,102.74
128.4,2.56,124.64,103.05
128.5,2.53,110.83,103.08
128.6,2.5,128.91,103.1
128.7,2.47,153.58,103.18
128.8,2.47,125.95,103.45
128.9,2.49,135.33,103.16
129,2.51,134.5,102.93
129.1,2.53,159.01,103
129.2,2.54,116.91,103.55
129.3,2.54,150.62,103.77
129.4,2.54,145.85,103.75
129.5,2.53,125.46,103.48
129.6,2.53,129.74,103.52
129.7,2.53,109.51,103.6
129.8,2.53,179.23,103.76
129.9,2.52,149.14,104
130,2.51,104.25,104.3
130.1,2.51,85.83,104.52
130.2,2.51,140.75,104.45
130.3,2.49,119.05,104.03
130.4,2.48,111.98,103.64
130.5,2.47,104.74,103.46
130.6,2.47,97.84,103.49
130.7,2.47,100.96,103.5
130.8,2.46,108.85,103.55
130.9,2.44,124.97,103.97
131,2.42,162.29,104.37
131.1,2.41,117.24,104.73
131.2,2.42,113.79,104.72
131.3,2.45,122.34,104.73
131.4,2.48,152.43,104.7
131.5,2.51,129.41,104.7
131.6,2.53,124.31,104.53
131.7,2.54,108.2,104.32
131.8,2.53,122.01,104.32
131.9,2.51,126.78,104.48
132,2.5,137.79,104.54
132.1,2.5,137.3,104.15
132.2,2.51,131.55,103.8
132.3,2.53,118.23,103.55
132.4,2.54,121.84,103.54
132.5,2.54,148.48,103.51
132.6,2.52,152.92,103.51
132.7,2.53,105.57,103.5
132.8,2.54,158.35,103.49
132.9,2.55,128.75,103.51
133,2.56,107.87,103.51
133.1,2.56,88.63,103.52
133.2,2.54,92.08,103.5
133.3,2.52,118.06,103.53
133.4,2.5,168.87,103.53
133.5,2.5,103.76,103.55
133.6,2.49,164.6,103.58
133.7,2.51,138.78,103.7
133.8,2.52,125.79,103.98
133.9,2.53,138.12,104.33
134,2.53,167.23,104.61
134.1,2.52,94.71,104.61
134.2,2.52,161.8,104.31
134.3,2.51,112.96,104.14
134.4,2.52,132.2,103.61
134.5,2.53,140.92,103.11
134.6,2.52,117.4,102.51
134.7,2.49,128.75,102.54
134.8,2.48,107.7,102.81
134.9,2.47,121.02,102.77
135,2.46,149.8,102.56
135.1,2.46,112.96,102.27
135.2,2.47,123.16,102.24
135.3,2.48,102.93,102.24
135.4,2.49,150.13,102.25
135.5,2.49,131.55,102.27
135.6,2.5,145.19,102.28
135.7,2.5,166.08,102.27
135.8,2.5,131.38,102.32
135.9,2.49,152.76,102.5
136,2.5,145.52,102.92
136.1,2.49,178.57,103.42
136.2,2.5,125.13,104.01
136.3,2.5,159.5,104.39
136.4,2.52,149.8,104.65
136.5,2.52,153.58,104.7
136.6,2.52,156.05,104.62
136.7,2.52,150.13,104.43
136.8,2.52,124.8,104.18
136.9,2.52,100.3,104.27
137,2.51,158.68,104.46
137.1,2.5,154.07,104.55
137.2,2.49,147.82,104.17
137.3,2.51,97.34,103.75
137.4,2.53,109.84,103.51
137.5,2.54,133.03,103.46
137.6,2.54,144.37,103.48
137.7,2.54,131.87,103.46
137.8,2.52,125.13,103.48
137.9,2.5,165.42,103.47
138,2.49,143.22,103.49
138.1,2.5,135.33,103.48
138.2,2.49,155.39,103.42
138.3,2.49,157.69,103.23
138.4,2.46,162.29,103.19
138.5,2.46,118.72,102.97
138.6,2.47,117.4,102.77
138.7,2.5,114.61,102.41
138.8,2.52,89.12,102.3
138.9,2.55,83.04,102.28
139,2.54,127.6,102.27
139.1,2.51,130.23,102.28
139.2,2.49,182.35,102.27
139.3,2.49,140.42,102.29
139.4,2.5,135.98,102.23
139.5,2.5,129.24,102.25
139.6,2.51,163.61,102.23
139.7,2.52,126.94,102.27
139.8,2.52,116.75,102.23
139.9,2.51,156.54,102.26
140,2.5,146.67,102.25
140.1,2.49,131.87,102.14
140.2,2.49,135.98,101.72
140.3,2.47,127.6,101.33
140.4,2.47,94.38,101.02
140.5,2.47,101.62,100.98
140.6,2.48,146.34,100.9
140.7,2.48,119.54,100.85
140.8,2.48,121.51,100.8
140.9,2.52,128.59,100.87
141,2.56,155.06,101.27
141.1,2.6,99.97,102.33
141.2,2.57,81.72,103.56
141.3,2.53,111.81,104.55
141.4,2.51,129.74,104.91
141.5,2.5,111.98,104.85
141.6,2.5,121.68,104.53
141.7,2.5,132.04,104.03
141.8,2.51,125.79,103.66
141.9,2.51,142.89,103.49
142,2.51,157.2,103.49
142.1,2.51,135.33,103.5
142.2,2.51,174.13,103.52
142.3,2.52,118.56,103.49
142.4,2.52,118.88,103.5
142.5,2.52,146.84,103.47
142.6,2.51,100.47,103.48
142.7,2.49,152.76,103.47
142.8,2.47,130.72,103.47
142.9,2.48,165.25,103.47
143,2.49,137.14,103.49
143.1,2.5,123.65,103.49
143.2,2.49,140.42,103.44
143.3,2.47,122.67,103.11
143.4,2.46,120.69,102.8
143.5,2.49,121.19,102.87
143.6,2.54,119.38,103.46
143.7,2.56,109.68,104.17
143.8,2.53,144.54,104.55
143.9,2.49,136.97,104.62
144,2.51,131.55,104.22
144.1,2.53,126.28,103.82
144.2,2.55,111.16,103.52
144.3,2.54,151.28,103.56
144.4,2.52,112.64,103.55
144.5,2.49,85.18,103.55
144.6,2.48,113.79,103.48
144.7,2.48,105.4,103.51
144.8,2.47,164.76,103.51
144.9,2.48,114.77,103.51
145,2.48,135.66,103.52
145.1,2.5,137.96,103.5
145.2,2.51,166.9,103.52
145.3,2.52,124.31,103.47
145.4,2.53,156.54,103.48
145.5,2.54,100.3,103.47
145.6,2.54,126.94,103.49
145.7,2.53,116.09,103.49
145.8,2.55,89.62,103.49
145.9,2.55,83.37,103.48
146,2.54,134.67,103.53
146.1,2.52,133.52,103.85
146.2,2.53,103.26,104.29
146.3,2.54,139.44,104.65
146.4,2.52,88.46,104.87
146.5,2.5,124.15,105.24
146.6,2.49,145.36,105.61
146.7,2.49,154.89,105.84
146.8,2.5,143.88,105.46
146.9,2.52,126.61,105.07
147,2.53,139.93,104.63
147.1,2.54,133.85,104.34
147.2,2.53,148.48,104.37
147.3,2.54,102.93,104.7
147.4,2.55,107.04,104.97
147.5,2.54,152.92,104.94
147.6,2.55,145.52,104.68
147.7,2.53,101.45,104.6
147.8,2.54,144.04,104.5
147.9,2.52,118.72,104.34
148,2.51,121.35,104.43
148.1,2.5,174.3,104.53
148.2,2.51,135.49,104.73
148.3,2.52,119.71,104.7
148.4,2.52,136.64,104.78
148.5,2.53,180.87,104.94
148.6,2.53,110.83,104.68
148.7,2.54,145.03,104.25
148.8,2.54,130.56,103.85
148.9,2.54,139.11,104.06
149,2.54,131.22,104.49
149.1,2.53,146.84,104.84
149.2,2.53,129.08,104.82
149.3,2.53,138.78,104.44
149.4,2.55,152.92,104.11
149.5,2.55,109.68,104.06
149.6,2.55,139.44,104.22
149.7,2.53,140.26,104.16
149.8,2.52,123.98,103.9
149.9,2.51,121.84,103.63
150,2.53,123.32,103.51
150.1,2.53,137.63,103.5
150.2,2.52,142.56,103.49
150.3,2.51,161.64,103.45
150.4,2.51,147.99,103.23
150.5,2.51,113.29,102.91
150.6,2.49,141.74,102.59
150.7,2.49,146.02,102.5
150.8,2.5,116.75,102.52
150.9,2.52,149.47,102.53
151,2.54,125.79,102.52
151.1,2.53,97.84,102.48
151.2,2.51,148.81,102.47
151.3,2.48,121.51,102.46
151.4,2.47,143.22,102.48
151.5,2.48,143.71,102.48
151.6,2.49,127.93,102.47
151.7,2.5,152.1,102.48
151.8,2.53,126.28,102.75
151.9,2.53,105.57,103.07
152,2.53,133.52,103.39
152.1,2.52,116.09,103.47
152.2,2.51,136.31,103.49
152.3,2.53,113.46,103.53
152.4,2.52,121.68,103.72
152.5,2.53,158.51,103.83
152.6,2.52,122.67,103.81
152.7,2.54,142.73,103.61
152.8,2.55,118.56,103.53
152.9,2.54,137.3,103.61
153,2.52,198.3,103.86
153.1,2.53,108.85,104.15
153.2,2.55,172.82,104.35
153.3,2.55,130.39,104.45
153.4,2.54,144.37,104.37
153.5,2.52,153.91,104.25
153.6,2.51,148.65,103.92
153.7,2.51,174.63,103.72
153.8,2.5,179.89,103.57
153.9,2.5,179.89,103.57
154,2.49,140.26,103.5
154.1,2.49,131.87,103.47
154.2,2.5,140.26,103.48
154.3,2.51,143.06,103.47
154.4,2.5,167.39,103.48
154.5,2.49,181.53,103.46
154.6,2.49,131.05,103.5
154.7,2.49,130.72,103.49
154.8,2.5,132.37,103.52
154.9,2.51,137.63,103.69
155,2.52,118.06,104.28
155.1,2.52,138.29,104.66
155.2,2.51,156.87,104.87
155.3,2.51,127.93,104.56
155.4,2.52,132.37,104.56
155.5,2.53,107.04,104.59
155.6,2.52,159.66,104.72
155.7,2.53,141.74,104.75
155.8,2.53,126.61,104.72
155.9,2.53,132.86,104.73
156,2.54,129.24,104.65
156.1,2.56,105.89,104.4
156.2,2.56,114.44,103.94
156.3,2.55,90.77,103.29
156.4,2.54,91.42,102.42
156.5,2.54,86,101.72
156.6,2.54,121.51,101.38
156.7,2.51,87.31,101.67
156.8,2.5,101.45,101.62
156.9,2.5,101.13,101.45
157,2.5,98.82,101.08
157.1,2.5,101.95,101.04
157.2,2.5,84.85,101.03
157.3,2.49,105.07,101.1
157.4,2.47,98.33,101.41
157.5,2.49,91.42,101.96
157.6,2.52,87.15,102.52
157.7,2.55,70.71,102.61
157.8,2.55,84.35,102.49
157.9,2.55,94.55,102.29
158,2.54,104.25,102.37
158.1,2.54,75.64,102.51
158.2,2.52,90.93,102.49
158.3,2.49,136.97,102.5
158.4,2.46,143.71,102.67
158.5,2.43,148.48,103.05
158.6,2.41,164.6,103.37
158.7,2.42,135.33,103.45
158.8,2.45,129.57,103.47
158.9,2.48,111.98,103.47
159,2.5,134.5,103.49
159.1,2.51,126.78,103.49
159.2,2.52,160.65,103.5
159.3,2.51,144.37,103.48
159.4,2.5,133.03,103.43
159.5,2.48,130.39,103.22
159.6,2.48,140.42,102.84
159.7,2.49,112.47,102.55
159.8,2.49,112.47,102.39
159.9,2.49,125.46,102.41
160,2.46,136.31,102.41
160.1,2.44,96.85,102.43
160.2,2.47,92.9,102.44
160.3,2.5,109.84,102.82
160.4,2.52,108.52,103.21
160.5,2.52,122.5,103.23
160.6,2.54,131.05,103.11
160.7,2.55,95.53,102.97
160.8,2.56,109.51,103.26
160.9,2.56,114.77,103.43
161,2.56,137.46,103.76
161.1,2.55,116.58,103.86
161.2,2.53,102.28,104.02
161.3,2.51,104.91,103.97
161.4,2.52,140.26,103.89
161.5,2.52,138.78,103.62
161.6,2.53,115.1,103.19
161.7,2.5,106.39,102.77
161.8,2.48,124.64,102.4
161.9,2.46,157.85,102.26
162,2.48,152.76,102.26
162.1,2.5,135.33,102.25
162.2,2.52,103.59,102.22
162.3,2.53,96.03,102.21
162.4,2.55,126.61,102.16
162.5,2.55,82.05,102.31
162.6,2.54,101.29,102.69
162.7,2.52,113.13,103.19
162.8,2.5,114.94,103.68
162.9,2.49,133.19,104.14
163,2.45,120.53,104.59
163.1,2.44,122.17,104.87
163.2,2.47,116.91,104.24
163.3,2.5,121.68,102.94
163.4,2.51,93.23,101.64
163.5,2.5,89.62,101.17
163.6,2.48,98.66,101.46
163.7,2.46,104.41,101.88
163.8,2.45,127.93,102.17
163.9,2.45,113.29,102.27
164,2.48,136.97,102.24
164.1,2.51,141.41,102.24
164.2,2.5,155.22,102.25
164.3,2.49,137.96,102.26
164.4,2.47,138.29,102.27
164.5,2.47,119.54,102.3
164.6,2.46,138.12,102.36
164.7,2.46,173.15,102.38
164.8,2.47,127.11,102.46
164.9,2.5,149.96,102.81
165,2.52,127.76,103.15
165.1,2.53,104.41,103.22
165.2,2.53,83.04,103.17
165.3,2.54,119.38,102.78
165.4,2.52,140.26,102.61
165.5,2.49,133.19,102.27
165.6,2.45,133.35,102.28
165.7,2.44,128.09,102.23
165.8,2.45,123.32,101.98
165.9,2.45,142.56,101.55
166,2.48,111.81,101.15
166.1,2.5,90.44,100.94
166.2,2.52,90.27,100.98
166.3,2.53,110.17,101
166.4,2.53,85.83,101.1
166.5,2.56,92.08,101.48
166.6,2.59,75.15,101.79
166.7,2.6,107.54,101.8
166.8,2.6,71.36,101.59
166.9,2.55,64.13,101.85
167,2.46,124.31,102.84
167.1,2.09,121.19,101.04
167.2,2.18,135.66,101.03
167.3,2.25,134.18,101.05
167.4,2.3,110.33,101.05
167.5,2.32,96.19,101.07
167.6,2.36,152.92,101.06
167.7,2.39,137.79,101.01
167.8,2.37,132.53,101
167.9,2.4,119.05,100.98
168,2.48,121.68,101.03
168.1,2.53,140.26,101.03
168.2,2.53,156.87,101.03
168.3,2.48,128.42,101.01
168.4,2.48,109.35,101.05
168.5,2.47,131.22,101.14
168.6,2.46,128.26,101.2
168.7,2.44,129.74,101.21
168.8,2.42,141.9,101.43
168.9,2.46,109.02,101.78
169,2.47,126.12,101.96
169.1,2.51,113.13,102.08
169.2,2.49,121.51,102.09
169.3,2.5,135.49,102.22
169.4,2.49,135,101.97
169.5,2.48,141.74,101.57
169.6,2.47,145.03,101.25
169.7,2.47,175.45,101.12
169.8,2.52,126.78,101.08
169.9,2.57,131.22,101.01
170,2.61,83.86,101.3
170.1,2.59,86.33,102.38
170.2,2.55,134.18,103.54
170.3,2.5,163.94,103.84
170.4,2.46,131.71,103.27
170.5,2.44,108.69,102.98
170.6,2.44,103.26,103.14
170.7,2.46,150.13,103.22
170.8,2.49,132.86,103.03
170.9,2.5,117.73,102.86
171,2.5,130.56,103.13
171.1,2.48,154.07,103.24
171.2,2.46,142.73,102.79
171.3,2.46,135.16,101.24
171.4,2.42,93.23,99.71
171.5,2.4,118.88,98.77
171.6,2.44,87.31,98.92
171.7,2.47,95.7,99.69
171.8,2.48,118.39,100.46
171.9,2.49,135,101.04
172,2.54,110.99,101.4
172.1,2.55,126.28,101.77
172.2,2.55,130.07,101.82
172.3,2.54,121.68,101.49
172.4,2.55,117.9,101.09
172.5,2.51,130.89,100.76
172.6,2.49,150.45,100.77
172.7,2.46,126.12,100.98
172.8,2.45,132.04,101.33
172.9,2.46,156.87,101.31
173,2.48,140.59,101.16
173.1,2.56,120.69,101.06
173.2,2.6,83.37,101.16
173.3,2.59,107.54,101.41
173.4,2.5,119.38,101.54
173.5,2.46,134.83,101.71
173.6,2.47,159.99,101.87
173.7,2.48,138.12,102.47
173.8,2.51,116.58,102.6
173.9,2.54,151.44,102.45
174,2.56,122.01,101.85
174.1,2.52,118.56,101.14
174.2,2.44,98.82,100.66
174.3,2.37,113.46,100.12
174.4,2.34,126.28,100.09
174.5,2.38,121.51,100.29
174.6,2.44,134.34,100.86
174.7,2.48,122.5,101.01
174.8,2.49,99.32,100.8
174.9,2.5,106.88,100.23
175,2.47,103.43,100.04
175.1,2.44,143.55,99.87
175.2,2.41,122.17,99.92
175.3,2.41,147.99,100.22
175.4,2.36,112.64,100.61
175.5,2.32,111.81,101
175.6,2.29,115.92,101.38
175.7,2.29,112.14,101.97
175.8,2.33,104.58,102.74
175.9,2.39,107.87,103.19
176,2.43,113.79,103
176.1,2.4,90.11,102.61
176.2,2.44,103.59,102.21
176.3,2.6,86.98,101.8
176.4,2.69,67.91,101.37
176.5,2.6,75.64,100.97
176.6,2.4,116.91,100.71
176.7,2.29,106.06,100.32
176.8,2.28,112.64,100.04
176.9,2.29,122.5,100.18
177,2.33,132.7,100.58
177.1,2.38,119.71,101.06
177.2,2.41,119.87,101.6
177.3,2.42,127.43,102.07
177.4,2.44,106.72,102.6
177.5,2.47,102.44,103.12
177.6,2.52,111.48,103.88
177.7,2.52,93.56,104.44
177.8,2.52,123.32,104.68
177.9,2.49,110.33,104.3
178,2.47,118.23,103.95
178.1,2.46,104.58,103.56
178.2,2.45,116.42,103.32
178.3,2.48,121.02,103.04
178.4,2.51,105.73,102.68
178.5,2.54,112.47,102.58
178.6,2.54,122.67,102.72
178.7,2.51,142.23,102.94
178.8,2.49,121.84,102.84
178.9,2.45,139.77,102.52
179,2.46,108.2,102.3
179.1,2.45,99.65,102.3
179.2,2.46,120.86,102.29
179.3,2.45,98.49,102.39
179.4,2.46,103.92,102.75
179.5,2.45,108.03,103.1
179.6,2.45,117.9,103.03
179.7,2.44,102.77,102.67
179.8,2.44,104.41,102.33
179.9,2.44,105.07,102.3
180,2.48,106.55,102.3
180.1,2.51,120.53,102.27
180.2,2.52,123.16,102.25
180.3,2.57,113.13,102.5
180.4,2.6,82.87,103.23
180.5,2.6,94.38,103.96
180.6,2.54,99.81,104.32
180.7,2.5,106.88,104.35
180.8,2.51,102.61,104.1
180.9,2.52,92.41,103.84
181,2.53,115.1,103.12
181.1,2.6,83.2,102.37
181.2,2.64,95.7,101.91
181.3,2.6,98.33,101.42
181.4,2.5,115.92,100.48
181.5,2.44,118.56,98.97
181.6,2.46,106.55,97.85
181.7,2.46,110.66,97.45
181.8,2.47,119.87,97.45
181.9,2.47,90.77,97.44
182,2.48,100.14,97.45
182.1,2.47,117.73,97.46
182.2,2.47,104.58,97.46
182.3,2.48,91.92,97.44
182.4,2.48,110,97.45
182.5,2.48,99.15,97.44
182.6,2.49,111.16,97.47
182.7,2.52,118.72,97.45
182.8,2.53,86.82,97.45
182.9,2.52,136.81,97.45
183,2.49,115.1,97.46
183.1,2.5,121.84,97.47
183.2,2.52,94.38,97.45
183.3,2.52,110.66,97.45
183.4,2.49,108.85,97.43
183.5,2.47,113.46,97.44
183.6,2.47,103.76,97.45
183.7,2.49,103.76,97.46
183.8,2.5,104.09,97.47
183.9,2.49,109.02,97.47
184,2.47,106.55,97.49
184.1,2.49,123.65,97.47
184.2,2.52,97.84,97.45
184.3,2.53,108.69,97.45
184.4,2.52,131.71,97.38
184.5,2.55,111.48,97.05
184.6,2.55,100.63,96.7
184.7,2.54,121.68,96.44
184.8,2.52,77.28,96.42
184.9,2.53,101.95,96.43
185,2.51,106.06,96.44
185.1,2.47,116.09,96.44
185.2,2.45,139.44,96.44
185.3,2.46,128.42,96.41
185.4,2.47,127.93,96.4
185.5,2.47,115.76,96.38
185.6,2.47,118.56,96.37
185.7,2.52,107.21,96.37
185.8,2.54,104.41,96.37
185.9,2.54,112.64,96.38
186,2.49,105.4,96.36
186.1,2.48,116.91,96.35
186.2,2.49,110.99,96.36
186.3,2.49,124.47,96.39
186.4,2.48,102.61,96.38
186.5,2.48,110.66,96.33
186.6,2.56,94.71,96.34
186.7,2.61,81.23,96.4
186.8,2.62,102.44,96.46
186.9,2.54,111.48,96.46
187,2.48,105.89,96.47
187.1,2.43,105.89,96.48
187.2,2.43,109.18,96.48
187.3,2.43,105.4,96.48
187.4,2.44,132.53,96.46
187.5,2.46,103.76,96.44
187.6,2.47,102.44,96.44
187.7,2.46,118.39,96.45
187.8,2.44,102.61,96.47
187.9,2.45,123.49,96.48
188,2.46,107.7,96.47
188.1,2.45,101.95,96.48
188.2,2.44,109.18,96.46
188.3,2.43,127.27,96.46
188.4,2.45,108.03,96.44
188.5,2.47,141.9,96.45
188.6,2.47,93.07,96.46
188.7,2.45,120.03,96.44
188.8,2.43,112.47,96.44
188.9,2.43,141.08,96.45
189,2.45,113.79,96.46
189.1,2.49,129.57,96.46
189.2,2.5,127.27,96.44
189.3,2.5,110.5,96.44
189.4,2.47,139.77,96.44
189.5,2.46,104.58,96.42
189.6,2.45,127.76,96.42
189.7,2.43,100.8,96.41
189.8,2.43,108.85,96.44
189.9,2.44,107.7,96.45
190,2.4,126.12,96.47
190.1,2.28,94.71,96.48
190.2,1.97,62.98,96.43
190.3,1.63,52.29,96.37
190.4,1.38,24.17,96.3
190.5,1.32,28.28,96.27
190.6,1.31,8.71,96.25
190.7,1.32,9.87,96.25
190.8,1.39,23.68,96.26
190.9,1.42,28.78,96.27
191,1.4,19.4,96.28
191.1,1.35,11.51,96.29
191.2,1.34,9.54,96.27
191.3,1.34,14.47,96.27
191.4,1.32,17.43,96.27
191.5,1.28,14.8,96.27
191.6,1.26,14.31,96.25
191.7,1.25,10.36,96.25
191.8,1.25,14.63,96.26
191.9,1.25,12.66,96.27
192,1.25,12.66,96.28
192.1,1.25,9.04,96.29
192.2,1.25,8.71,96.29
192.3,1.25,4.11,96.25
192.4,1.25,6.91,96.26
192.5,1.25,19.4,96.28
192.6,1.26,8.88,96.29
192.7,1.27,4.44,96.27
192.8,1.27,5.76,96.26
192.9,1.27,14.47,96.27
193,1.25,12.17,96.27
193.1,1.25,14.63,96.27
193.2,1.26,12.99,96.28
193.3,1.27,12.83,96.29
193.4,1.25,7.56,96.27
193.5,1.23,12.83,96.25
193.6,1.31,8.55,96.26
193.7,1.37,18.09,96.28
193.8,1.38,15.46,96.29
193.9,1.42,26.47,96.28
194,1.44,26.97,96.29
194.1,1.45,17.1,96.28
194.2,1.32,20.88,96.3
194.3,1.25,23.68,96.43
194.4,1.41,55.74,96.83
194.5,1.74,79.09,97.22
194.6,1.82,102.11,97.47
194.7,1.66,59.36,97.47
194.8,1.34,33.87,97.47
194.9,1.26,26.14,97.47
195,1.34,16.44,97.49
195.1,1.45,29.1,97.47
195.2,1.46,21.38,97.47
195.3,1.39,19.9,97.45
195.4,1.31,18.91,97.45
195.5,1.31,21.21,97.45
195.6,1.32,12.83,97.46
195.7,1.29,9.7,97.44
195.8,1.28,14.63,97.19
195.9,1.32,14.63,96.8
196,1.34,10.03,96.43
196.1,1.35,20.55,96.28
196.2,1.31,22.36,96.29
196.3,1.3,12.5,96.27
196.4,1.26,14.47,96.27
196.5,1.28,24.99,96.28
196.6,1.37,49.99,96.29
196.7,1.4,42.75,96.29
196.8,1.49,14.14,96.29
196.9,1.51,13.32,96.28
197,1.46,18.25,96.29
197.1,1.26,27.3,96.29
197.2,1.23,16.61,96.29
197.3,1.45,39.46,96.28
197.4,1.84,74.98,96.29
197.5,2.22,102.77,96.28
197.6,2.42,103.1,96.3
197.7,2.52,87.31,96.28
197.8,2.58,94.71,96.3
197.9,2.58,120.36,96.28
198,2.51,98.82,96.3
198.1,2.48,93.07,96.28
198.2,2.47,128.91,96.29
198.3,2.47,120.69,96.29
198.4,2.46,128.75,96.31
198.5,2.46,135.49,96.3
198.6,2.48,98.33,96.28
198.7,2.51,-999.25,96.29
198.8,2.64,-999.25,96.28
198.9,2.66,-999.25,96.29
199,2.62,-999.25,96.28
199.1,2.47,-999.25,96.29
199.2,2.44,-999.25,96.29
199.3,2.47,-999.25,96.27
199.4,2.5,-999.25,96.27
199.5,2.52,-999.25,96.28
199.6,2.51,-999.25,96.31
199.7,2.5,-999.25,96.31
199.8,2.49,-999.25,96.33
199.9,2.48,-999.25,96.31
200,2.52,-999.25,96.31
200.1,2.65,-999.25,96.29
200.2,2.67,-999.25,96.26
200.3,2.63,-999.25,96.04
200.4,2.5,-999.25,95.68
200.5,2.48,-999.25,95.34
200.6,2.51,-999.25,95.17
200.7,2.57,-999.25,95.15
200.8,-999.25,-999.25,-999.25
200.9,-999.25,-999.25,-999.25
201,-999.25,-999.25,-999.25
201.1,-999.25,-999.25,-999.25
201.2,-999.25,-999.25,-999.25
201.3,-999.25,-999.25,-999.25
201.4,-999.25,-999.25,-999.25
201.5,-999.25,-999.25,-999.25
201.6,-999.25,-999.25,-999.25
201.7,-999.25,-999.25,-999.25
201.8,-999.25,-999.25,-999.25
201.9,-999.25,-999.25,-999.25
202,-999.25,-999.25,-999.25
202.1,-999.25,-999.25,-999.25
202.2,-999.25,-999.25,-999.25
202.3,-999.25,-999.25,-999.25
